日期,星期,最高气度,最低气度,天气,风向
2016-01-01,星期五,-18℃,-8℃,晴,西北风 3-4级 西北风 3-4级 
2016-01-02,星期六,-18℃,-8℃,晴,西北风 3-4级 西北风 3-4级 
2016-01-03,星期日,-18℃,-9℃,晴~多云,西北风 4-5级 西北风 4-5级 
2016-01-04,星期一,-18℃,-9℃,晴~多云,西北风 4-5级 西北风 4-5级 
2016-01-05,星期二,-15℃,-8℃,晴,西北风 4-5级 西北风 4-5级 
2016-01-06,星期三,-15℃,-8℃,晴,西北风 4-5级 西北风 4-5级 
2016-01-07,星期四,-19℃,-8℃,晴,西北风 4-5级 西北风 4-5级 
2016-01-08,星期五,-19℃,-8℃,晴,西北风 4-5级 西北风 4-5级 
2016-01-09,星期六,-19℃,-8℃,晴,西北风 4-5级 西北风 4-5级 
2016-01-10,星期日,-17℃,-8℃,晴~多云,西北风 4-5级 西北风 4-5级 
2016-01-11,星期一,-17℃,-8℃,晴~多云,西北风 4-5级 西北风 4-5级 
2016-01-12,星期二,-17℃,-8℃,晴~多云,西北风 4-5级 西北风 4-5级 
2016-01-13,星期三,-24℃,-15℃,多云,西北风 微风 西北风 微风 
2016-01-14,星期四,-24℃,-15℃,多云,西北风 微风 西北风 微风 
2016-01-15,星期五,-24℃,-15℃,多云,西北风 微风 西北风 微风 
2016-01-16,星期六,-25℃,-16℃,晴,西北风 微风 西北风 微风 
2016-01-17,星期日,-25℃,-16℃,晴,西北风 微风 西北风 微风 
2016-01-18,星期一,-24℃,-15℃,晴,西北风 3-4级 西北风 3-4级 
2016-01-19,星期二,-24℃,-15℃,晴,西北风 3-4级 西北风 3-4级 
2016-01-20,星期三,-24℃,-14℃,晴,西北风 3-4级 西北风 3-4级 
2016-01-21,星期四,-27℃,-18℃,多云,西北风 3-4级 西北风 3-4级 
2016-01-22,星期五,-27℃,-18℃,多云,西北风 3-4级 西北风 3-4级 
2016-01-23,星期六,-16℃,-8℃,多云~晴,西北风 4-5级 西北风 4-5级 
2016-01-24,星期日,-16℃,-8℃,多云~晴,西北风 4-5级 西北风 4-5级 
2016-01-25,星期一,-18℃,-10℃,晴~多云,西风 4-5级 西风 4-5级 
2016-01-26,星期二,-18℃,-10℃,晴~多云,西风 4-5级 西风 4-5级 
2016-01-27,星期三,-19℃,-8℃,晴,西北风 3-4级 西北风 3-4级 
2016-01-28,星期四,-22℃,-13℃,晴,西北风 3-4级 西北风 3-4级 
2016-01-29,星期五,-22℃,-13℃,晴,西北风 3-4级 西北风 3-4级 
2016-01-30,星期六,-22℃,-13℃,晴,西北风 3-4级 西北风 3-4级 
2016-01-31,星期日,-15℃,-5℃,晴,西北风 3-4级 西北风 3-4级 
2016-02-01,星期一,-15℃,-5℃,晴,西北风 3-4级 西北风 3-4级 
2016-02-02,星期二,-14℃,-4℃,晴,西北风 3-4级 西北风 3-4级 
2016-02-03,星期三,-14℃,-4℃,晴,西北风 3-4级 西北风 3-4级 
2016-02-04,星期四,-15℃,-5℃,晴,西北风 3-4级 西北风 3-4级 
2016-02-05,星期五,-15℃,-2℃,晴,西风 3-4级 西风 3-4级 
2016-02-06,星期六,-15℃,-2℃,晴,西风 3-4级 西风 3-4级 
2016-02-07,星期日,-16℃,-4℃,多云~晴,西北风 3-4级 西北风 3-4级 
2016-02-08,星期一,-16℃,-4℃,多云~晴,西北风 3-4级 西北风 3-4级 
2016-02-09,星期二,-16℃,-1℃,晴,西风 微风 西风 微风 
2016-02-10,星期三,-10℃,0℃,晴,南风 微风 南风 微风 
2016-02-11,星期四,-12℃,2℃,多云~晴,西北风 4-5级 西北风 4-5级 
2016-02-12,星期五,-12℃,2℃,多云~晴,西北风 4-5级 西北风 4-5级 
2016-02-13,星期六,-16℃,-8℃,晴,西北风 4-5级 西北风 4-5级 
2016-02-14,星期日,-16℃,-8℃,晴,西北风 4-5级 西北风 4-5级 
2016-02-15,星期一,-10℃,1℃,晴,西风 3-4级 西风 3-4级 
2016-02-16,星期二,-10℃,1℃,晴,西风 3-4级 西风 3-4级 
2016-02-17,星期三,-10℃,1℃,晴,西风 3-4级 西风 3-4级 
2016-02-18,星期四,-13℃,-1℃,小雪~晴,西北风 4-5级 西北风 4-5级 
2016-02-19,星期五,-17℃,-6℃,晴,西北风 4-5级 西北风 4-5级 
2016-02-20,星期六,-17℃,-6℃,晴,西北风 4-5级 西北风 4-5级 
2016-02-21,星期日,-16℃,-6℃,晴,西北风 3-4级 西北风 3-4级 
2016-02-22,星期一,-16℃,-6℃,晴,西风 3-4级 西风 3-4级 
2016-02-23,星期二,-16℃,-6℃,晴,西风 3-4级 西风 3-4级 
2016-02-24,星期三,-16℃,-6℃,晴,西风 3-4级 西风 3-4级 
2016-02-25,星期四,-16℃,-6℃,晴,西风 3-4级 西风 3-4级 
2016-02-26,星期五,-16℃,-6℃,晴,西风 3-4级 西风 3-4级 
2016-02-27,星期六,-7℃,4℃,晴~多云,西北风 3-4级 西北风 3-4级 
2016-02-28,星期日,-7℃,4℃,晴~多云,西北风 3-4级 西北风 3-4级 
2016-02-29,星期一,-7℃,4℃,晴~多云,西北风 3-4级 西北风 3-4级 
2016-03-01,星期二,-7℃,4℃,晴~多云,西北风 3-4级 西北风 3-4级 
2016-03-02,星期三,-6℃,1℃,小雪~大雪,东南风 4-5级 东南风 4-5级 
2016-03-03,星期四,-6℃,1℃,小雪~大雪,东南风 4-5级 东南风 4-5级 
2016-03-04,星期五,-6℃,1℃,小雪~大雪,东南风 4-5级 东南风 4-5级 
2016-03-05,星期六,-10℃,1℃,晴,西风 4-5级 西风 4-5级 
2016-03-06,星期日,-10℃,1℃,晴,西风 4-5级 西风 4-5级 
2016-03-07,星期一,-12℃,-2℃,晴,西北风 4-5级 西北风 4-5级 
2016-03-08,星期二,-12℃,-2℃,晴,西北风 4-5级 西北风 4-5级 
2016-03-09,星期三,-10℃,2℃,晴~多云,西风 3-4级 西风 3-4级 
2016-03-10,星期四,-10℃,2℃,晴~多云,西风 3-4级 西风 3-4级 
2016-03-11,星期五,-10℃,2℃,晴~多云,西风 3-4级 西风 3-4级 
2016-03-12,星期六,-11℃,5℃,晴,西北风 3-4级 西北风 3-4级 
2016-03-13,星期日,-1℃,14℃,晴,西风 4-5级 西风 4-5级 
2016-03-14,星期一,-1℃,14℃,晴,西风 4-5级 西风 4-5级 
2016-03-15,星期二,-1℃,14℃,晴,西风 4-5级 西风 4-5级 
2016-03-16,星期三,0℃,12℃,多云,南风 4-5级 南风 4-5级 
2016-03-17,星期四,0℃,12℃,多云,南风 4-5级 南风 4-5级 
2016-03-18,星期五,-4℃,7℃,多云~晴,北风 4-5级 北风 4-5级 
2016-03-19,星期六,-3℃,9℃,晴,西北风 3-4级 西北风 3-4级 
2016-03-20,星期日,-4℃,7℃,多云~晴,北风 4-5级 北风 4-5级 
2016-03-21,星期一,-4℃,7℃,多云~晴,北风 4-5级 北风 4-5级 
2016-03-22,星期二,-4℃,7℃,多云~晴,北风 4-5级 北风 4-5级 
2016-03-23,星期三,-4℃,7℃,晴,北风 4-5级 北风 4-5级 
2016-03-24,星期四,-4℃,9℃,晴,北风 3-4级 北风 3-4级 
2016-03-25,星期五,2℃,18℃,晴,西南风 4-5级 西南风 4-5级 
2016-03-26,星期六,2℃,18℃,晴,西南风 4-5级 西南风 4-5级 
2016-03-27,星期日,2℃,18℃,晴,西南风 4-5级 西南风 4-5级 
2016-03-28,星期一,4℃,13℃,晴~小雨,东南风 4-5级 东南风 4-5级 
2016-03-29,星期二,4℃,13℃,晴~小雨,东南风 4-5级 东南风 4-5级 
2016-03-30,星期三,4℃,13℃,晴~小雨,东南风 4-5级 东南风 4-5级 
2016-03-31,星期四,4℃,13℃,晴~小雨,东南风 4-5级 东南风 4-5级 
2016-04-01,星期五,-1℃,11℃,多云,西风 3-4级 西风 3-4级 
2016-04-02,星期六,-2℃,8℃,晴,西北风 4-5级 西北风 4-5级 
2016-04-03,星期日,-2℃,11℃,晴,西北风 4-5级 西北风 4-5级 
2016-04-04,星期一,1℃,14℃,晴,西风 3-4级 西风 3-4级 
2016-04-05,星期二,1℃,14℃,晴,西风 3-4级 西风 3-4级 
2016-04-06,星期三,-2℃,7℃,晴,西北风 5-6级 西北风 5-6级 
2016-04-07,星期四,-2℃,7℃,晴,西北风 5-6级 西北风 5-6级 
2016-04-08,星期五,-5℃,7℃,晴,西北风 4-5级 西北风 4-5级 
2016-04-09,星期六,-5℃,7℃,晴,西北风 4-5级 西北风 4-5级 
2016-04-10,星期日,-1℃,12℃,多云,北风 3-4级 北风 3-4级 
2016-04-11,星期一,-1℃,12℃,多云,北风 3-4级 北风 3-4级 
2016-04-12,星期二,-1℃,12℃,多云,北风 3-4级 北风 3-4级 
2016-04-13,星期三,2℃,12℃,小雨~多云,南风 3-4级 南风 3-4级 
2016-04-14,星期四,4℃,15℃,多云~小雨,东风 3-4级 东风 3-4级 
2016-04-15,星期五,4℃,15℃,多云~小雨,东风 3-4级 东风 3-4级 
2016-04-16,星期六,1℃,8℃,小雨~多云,东北风 3-4级 东北风 3-4级 
2016-04-17,星期日,7℃,20℃,晴,西风 3-4级 西风 3-4级 
2016-04-18,星期一,7℃,20℃,晴,西风 3-4级 西风 3-4级 
2016-04-19,星期二,7℃,20℃,晴,西风 3-4级 西风 3-4级 
2016-04-20,星期三,8℃,21℃,晴~多云,西风 4-5级 西风 4-5级 
2016-04-21,星期四,3℃,14℃,晴,西北风 5-6级 西北风 5-6级 
2016-04-22,星期五,3℃,13℃,晴,西北风 5-6级 西北风 5-6级 
2016-04-23,星期六,1℃,13℃,多云,南风 3-4级 南风 3-4级 
2016-04-24,星期日,1℃,13℃,多云,南风 3-4级 南风 3-4级 
2016-04-25,星期一,4℃,15℃,多云,南风 3-4级 南风 3-4级 
2016-04-26,星期二,4℃,15℃,多云,南风 3-4级 南风 3-4级 
2016-04-27,星期三,5℃,20℃,晴,北风 3-4级 北风 3-4级 
2016-04-28,星期四,5℃,20℃,晴,北风 3-4级 北风 3-4级 
2016-04-29,星期五,15℃,7℃,晴,暂无实况 
2016-04-30,星期六,15℃,7℃,晴,暂无实况 
2016-05-01,星期日,15℃,7℃,晴,暂无实况 
2016-05-02,星期一,15℃,7℃,晴,暂无实况 
2016-05-03,星期二,15℃,7℃,晴,暂无实况 
2016-05-04,星期三,23℃,12℃,晴~多云,暂无实况 
2016-05-05,星期四,23℃,9℃,多云,暂无实况 
2016-05-06,星期五,17℃,7℃,小雨~多云,暂无实况 
2016-05-07,星期六,17℃,7℃,小雨~多云,暂无实况 
2016-05-08,星期日,22℃,7℃,多云,暂无实况 
2016-05-09,星期一,23℃,10℃,晴,暂无实况 
2016-05-10,星期二,26℃,14℃,晴,暂无实况 
2016-05-11,星期三,24℃,10℃,小雨,暂无实况 
2016-05-12,星期四,11℃,4℃,多云~晴,暂无实况 
2016-05-13,星期五,15℃,4℃,小雨~晴,暂无实况 
2016-05-14,星期六,23℃,9℃,多云~小雨,暂无实况 
2016-05-15,星期日,18℃,7℃,多云~晴,暂无实况 
2016-05-16,星期一,25℃,10℃,晴,暂无实况 
2016-05-17,星期二,32℃,16℃,晴,暂无实况 
2016-05-18,星期三,35℃,19℃,晴,暂无实况 
2016-05-19,星期四,36℃,20℃,晴,暂无实况 
2016-05-20,星期五,35℃,17℃,多云~晴,暂无实况 
2016-05-21,星期六,26℃,11℃,晴,暂无实况 
2016-05-22,星期日,24℃,13℃,晴,暂无实况 
2016-05-23,星期一,21℃,11℃,多云~小雨,暂无实况 
2016-05-24,星期二,23℃,11℃,多云~小雨,暂无实况 
2016-05-25,星期三,16℃,10℃,小雨,暂无实况 
2016-05-26,星期四,20℃,10℃,多云~晴,暂无实况 
2016-05-27,星期五,29℃,12℃,晴,暂无实况 
2016-05-28,星期六,31℃,11℃,多云,暂无实况 
2016-05-29,星期日,20℃,9℃,阴~小雨,暂无实况 
2016-05-30,星期一,20℃,10℃,晴~多云,暂无实况 
2016-05-31,星期二,25℃,13℃,晴,暂无实况 
2016-06-01,星期三,29℃,14℃,晴,暂无实况 
2016-06-02,星期四,30℃,15℃,晴,暂无实况 
2016-06-03,星期五,31℃,16℃,晴,暂无实况 
2016-06-04,星期六,32℃,16℃,晴,暂无实况 
2016-06-05,星期日,32℃,16℃,晴~多云,暂无实况 
2016-06-06,星期一,32℃,16℃,晴~多云,暂无实况 
2016-06-07,星期二,24℃,11℃,阵雨~晴,暂无实况 
2016-06-08,星期三,24℃,12℃,阵雨~晴,暂无实况 
2016-06-09,星期四,28℃,15℃,多云~中雨,暂无实况 
2016-06-10,星期五,21℃,14℃,大雨~阵雨,暂无实况 
2016-06-11,星期六,23℃,12℃,多云~阵雨,暂无实况 
2016-06-12,星期日,24℃,13℃,阵雨~多云,暂无实况 
2016-06-13,星期一,26℃,14℃,多云,暂无实况 
2016-06-14,星期二,25℃,14℃,晴,暂无实况 
2016-06-15,星期三,27℃,14℃,多云,暂无实况 
2016-06-16,星期四,30℃,17℃,雷阵雨~中雨,暂无实况 
2016-06-17,星期五,20℃,13℃,中雨~阵雨,暂无实况 
2016-06-18,星期六,24℃,15℃,雷阵雨~多云,暂无实况 
2016-06-19,星期日,28℃,18℃,雷阵雨,暂无实况 
2016-06-20,星期一,32℃,18℃,阵雨,暂无实况 
2016-06-21,星期二,30℃,18℃,雷阵雨~阵雨,暂无实况 
2016-06-22,星期三,23℃,15℃,雷阵雨,暂无实况 
2016-06-23,星期四,24℃,15℃,阵雨~多云,暂无实况 
2016-06-24,星期五,25℃,16℃,多云~晴,暂无实况 
2016-06-25,星期六,28℃,15℃,晴,暂无实况 
2016-06-26,星期日,31℃,18℃,晴~多云,暂无实况 
2016-06-27,星期一,31℃,19℃,多云~雷阵雨,暂无实况 
2016-06-28,星期二,27℃,18℃,雷阵雨,暂无实况 
2016-06-29,星期三,23℃,16℃,大雨,暂无实况 
2016-06-30,星期四,21℃,14℃,阵雨~多云,暂无实况 
2016-07-01,星期五,28℃,16℃,晴,暂无实况 
2016-07-02,星期六,31℃,18℃,晴,暂无实况 
2016-07-03,星期日,33℃,21℃,晴,暂无实况 
2016-07-04,星期一,35℃,21℃,晴,暂无实况 
2016-07-05,星期二,35℃,23℃,晴,暂无实况 
2016-07-06,星期三,37℃,23℃,晴,暂无实况 
2016-07-07,星期四,38℃,24℃,晴,暂无实况 
2016-07-08,星期五,37℃,23℃,晴,暂无实况 
2016-07-09,星期六,33℃,23℃,晴,暂无实况 
2016-07-10,星期日,38℃,27℃,晴~多云,暂无实况 
2016-07-11,星期一,35℃,22℃,雷阵雨,暂无实况 
2016-07-12,星期二,27℃,19℃,多云~晴,暂无实况 
2016-07-13,星期三,31℃,18℃,晴,暂无实况 
2016-07-14,星期四,28℃,16℃,晴,暂无实况 
2016-07-15,星期五,28℃,16℃,晴,暂无实况 
2016-07-16,星期六,29℃,18℃,多云,暂无实况 
2016-07-17,星期日,30℃,18℃,多云转晴,暂无实况 
2016-07-18,星期一,32℃,21℃,晴,暂无实况 
2016-07-19,星期二,33℃,22℃,多云,暂无实况 
2016-07-20,星期三,29℃,21℃,雷阵雨,暂无实况 
2016-07-21,星期四,29℃,21℃,阴,暂无实况 
2016-07-22,星期五,25℃,21℃,中雨,暂无实况 
2016-07-23,星期六,32℃,22℃,雷阵雨,暂无实况 
2016-07-24,星期日,30℃,17℃,晴,暂无实况 
2016-07-25,星期一,30℃,18℃,多云,暂无实况 
2016-07-26,星期二,32℃,21℃,晴,暂无实况 
2016-07-27,星期三,31℃,19℃,晴,暂无实况 
2016-07-28,星期四,29℃,19℃,阵雨,暂无实况 
2016-07-29,星期五,32℃,20℃,晴,暂无实况 
2016-07-30,星期六,35℃,22℃,晴,暂无实况 
2016-07-31,星期日,32℃,22℃,多云,暂无实况 
2016-08-01,星期一,34℃,22℃,晴,暂无实况 
2016-08-02,星期二,37℃,24℃,晴,暂无实况 
2016-08-03,星期三,38℃,27℃,晴,南风 2级
2016-08-04,星期四,39℃,26℃,晴,东风 2级
2016-08-05,星期五,35℃,21℃,多云,东北风 2级
2016-08-06,星期六,23℃,17℃,雷阵雨,东北风 2级
2016-08-07,星期日,29℃,14℃,晴,东风 2级
2016-08-08,星期一,31℃,19℃,晴,东南风 2级
2016-08-09,星期二,27℃,22℃,多云,南风 2级
2016-08-10,星期三,34℃,24℃,多云,东南风 2级
2016-08-11,星期四,37℃,23℃,晴,西风 2级
2016-08-12,星期五,33℃,20℃,多云,西风 1级
2016-08-13,星期六,31℃,18℃,晴,西北风 2级
2016-08-14,星期日,30℃,19℃,晴,东北风 2级
2016-08-15,星期一,30℃,17℃,晴,东风 2级
2016-08-16,星期二,30℃,17℃,晴,西南风 1级
2016-08-17,星期三,31℃,18℃,晴,南风 2级
2016-08-18,星期四,27℃,17℃,阵雨,东南风 1级
2016-08-19,星期五,28℃,17℃,多云,东南风 2级
2016-08-20,星期六,28℃,17℃,多云,西南风 1级
2016-08-21,星期日,29℃,16℃,晴,东北风 2级
2016-08-22,星期一,30℃,18℃,晴,东南风 2级
2016-08-23,星期二,27℃,18℃,雷阵雨,西南风 1级
2016-08-24,星期三,29℃,16℃,多云,西风 2级
2016-08-25,星期四,24℃,14℃,晴,西北风 2级
2016-08-26,星期五,27℃,14℃,晴,西风 1级
2016-08-27,星期六,28℃,15℃,晴,西南风 2级
2016-08-28,星期日,29℃,14℃,晴,东北风 3级
2016-08-29,星期一,25℃,13℃,晴,东北风 1级
2016-08-30,星期二,22℃,14℃,多云,北风 2级
2016-08-31,星期三,17℃,14℃,中雨,北风 2级
2016-09-01,星期四,21℃,16℃,小雨,北风 2级
2016-09-02,星期五,22℃,16℃,小雨,东南风 1级
2016-09-03,星期六,24℃,17℃,阵雨,东南风 2级
2016-09-04,星期日,23℃,17℃,中雨,东北风 1级
2016-09-05,星期一,23℃,16℃,阵雨,北风 1级
2016-09-06,星期二,25℃,16℃,阵雨,西南风 1级
2016-09-07,星期三,25℃,15℃,阵雨,南风 1级
2016-09-08,星期四,21℃,16℃,中雨,东风 1级
2016-09-09,星期五,20℃,14℃,中雨,东北风 2级
2016-09-10,星期六,18℃,12℃,中雨,北风 1级
2016-09-11,星期日,20℃,11℃,多云,北风 微风
2016-09-12,星期一,22℃,11℃,多云,东南风 1级
2016-09-13,星期二,23℃,11℃,晴,西南风 2级
2016-09-14,星期三,22℃,12℃,阵雨,西风 1级
2016-09-15,星期四,23℃,12℃,晴,西风 3级
2016-09-16,星期五,22℃,10℃,晴,北风 1级
2016-09-17,星期六,20℃,10℃,多云,东风 1级
2016-09-18,星期日,21℃,10℃,多云,西风 2级
2016-09-19,星期一,24℃,9℃,晴,西风 1级
2016-09-20,星期二,24℃,10℃,晴,西风 1级
2016-09-21,星期三,25℃,11℃,晴,西南风 2级
2016-09-22,星期四,25℃,13℃,晴,西南风 1级
2016-09-23,星期五,24℃,13℃,晴,南风 1级
2016-09-24,星期六,22℃,10℃,阵雨,西北风 4级
2016-09-25,星期日,21℃,9℃,晴,南风 2级
2016-09-26,星期一,16℃,7℃,中雨,东北风 2级
2016-09-27,星期二,12℃,3℃,小雨,西风 2级
2016-09-28,星期三,16℃,3℃,晴,西风 1级
2016-09-29,星期四,17℃,7℃,多云,西南风 1级
2016-09-30,星期五,22℃,10℃,晴,西风 1级
2016-10-01,星期六,22℃,6℃,多云,西风 2级
2016-10-02,星期日,18℃,7℃,小雨,东北风 1级
2016-10-03,星期一,14℃,1℃,多云,西风 2级
2016-10-04,星期二,11℃,2℃,小雨,东南风 1级
2016-10-05,星期三,12℃,0℃,晴,西风 2级
2016-10-06,星期四,13℃,1℃,晴,西风 1级
2016-10-07,星期五,9℃,2℃,小雨,东北风 2级
2016-10-08,星期六,9℃,-1℃,小雨,西风 4级
2016-10-09,星期日,10℃,-2℃,晴,西风 2级
2016-10-10,星期一,10℃,0℃,晴,西风 2级
2016-10-11,星期二,10℃,-1℃,晴,西风 3级
2016-10-12,星期三,11℃,-1℃,晴,西风 2级
2016-10-13,星期四,14℃,2℃,晴,东北风 1级
2016-10-14,星期五,18℃,6℃,晴,西南风 2级
2016-10-15,星期六,22℃,7℃,晴,西南风 3级
2016-10-16,星期日,20℃,5℃,小雨,西风 4级
2016-10-17,星期一,11℃,2℃,晴,西南风 1级
2016-10-18,星期二,13℃,2℃,晴,东风 2级
2016-10-19,星期三,7℃,-3℃,雨夹雪,东北风 2级
2016-10-20,星期四,8℃,-1℃,晴,南风 2级
2016-10-21,星期五,4℃,-2℃,小雨,东北风 2级
2016-10-22,星期六,7℃,-2℃,晴,西风 1级
2016-10-23,星期日,10℃,-2℃,晴,西风 2级
2016-10-24,星期一,7℃,-2℃,多云,南风 1级
2016-10-25,星期二,8℃,-4℃,多云,西北风 1级
2016-10-26,星期三,6℃,-5℃,晴,西南风 1级
2016-10-27,星期四,7℃,-4℃,晴,西风 3级
2016-10-28,星期五,4℃,-7℃,晴,西风 2级
2016-10-29,星期六,2℃,-6℃,晴,西南风 1级
2016-10-30,星期日,0℃,-10℃,多云,西风 3级
2016-10-31,星期一,1℃,-9℃,晴,西北风 2级
2016-11-01,星期二,2℃,-8℃,晴,西风 1级
2016-11-02,星期三,3℃,-7℃,多云,西风 2级
2016-11-03,星期四,-2℃,-7℃,多云,西南风 1级
2016-11-04,星期五,2℃,-5℃,多云,东北风 1级
2016-11-05,星期六,2℃,-9℃,晴,西北风 1级
2016-11-06,星期日,-3℃,-11℃,中雪,东北风 1级
2016-11-07,星期一,-4℃,-11℃,多云,东南风 1级
2016-11-08,星期二,-1℃,-13℃,多云,西风 1级
2016-11-09,星期三,-3℃,-10℃,多云,东南风 2级
2016-11-10,星期四,-5℃,-9℃,大雪,西北风 2级
2016-11-11,星期五,-5℃,-12℃,多云,西南风 1级
2016-11-12,星期六,-2℃,-10℃,晴,西南风 1级
2016-11-13,星期日,-3℃,-9℃,小雪,北风 1级
2016-11-14,星期一,-4℃,-14℃,多云,西风 3级
2016-11-15,星期二,-5℃,-12℃,晴,北风 1级
2016-11-16,星期三,-4℃,-13℃,多云,西南风 1级
2016-11-17,星期四,-3℃,-15℃,多云,西风 1级
2016-11-18,星期五,-5℃,-12℃,小雪,东南风 1级
2016-11-19,星期六,-8℃,-17℃,多云,西风 1级
2016-11-20,星期日,-8℃,-18℃,晴,西风 4级
2016-11-21,星期一,-11℃,-19℃,晴,西风 2级
2016-11-22,星期二,-10℃,-17℃,晴,西风 4级
2016-11-23,星期三,-9℃,-17℃,晴,西风 2级
2016-11-24,星期四,-7℃,-16℃,晴,西南风 2级
2016-11-25,星期五,-7℃,-16℃,晴,西风 1级
2016-11-26,星期六,-7℃,-15℃,多云,西风 1级
2016-11-27,星期日,-6℃,-15℃,晴,西南风 1级
2016-11-28,星期一,-1℃,-13℃,晴,西风 2级
2016-11-29,星期二,-3℃,-12℃,晴,南风 2级
2016-11-30,星期三,0℃,-9℃,小雪,西风 4级
2016-12-01,星期四,0℃,-8℃,晴,西风 2级
2016-12-02,星期五,2℃,-8℃,晴,西风 1级
2016-12-03,星期六,4℃,-8℃,晴,西风 3级
2016-12-04,星期日,-2℃,-14℃,晴,西风 2级
2016-12-05,星期一,-7℃,-18℃,晴,西风 3级
2016-12-06,星期二,-10℃,-19℃,多云,西风 1级
2016-12-07,星期三,-5℃,-18℃,晴,西风 2级
2016-12-08,星期四,-8℃,-15℃,多云,西风 1级
2016-12-09,星期五,-6℃,-14℃,晴,西南风 1级
2016-12-10,星期六,-3℃,-14℃,晴,东南风 2级
2016-12-11,星期日,-5℃,-13℃,多云,东北风 1级
2016-12-12,星期一,-6℃,-16℃,晴,西风 3级
2016-12-13,星期二,-8℃,-18℃,晴,西风 1级
2016-12-14,星期三,-8℃,-17℃,晴,西风 2级
2016-12-15,星期四,-8℃,-16℃,晴,西风 2级
2016-12-16,星期五,-2℃,-14℃,多云,西风 1级
2016-12-17,星期六,1℃,-13℃,晴,西风 3级
2016-12-18,星期日,-1℃,-12℃,晴,西风 1级
2016-12-19,星期一,-2℃,-15℃,晴,东北风 2级
2016-12-20,星期二,0℃,-13℃,晴,东北风 2级
2016-12-21,星期三,-8℃,-15℃,晴,东北风 2级
2016-12-22,星期四,-11℃,-16℃,多云,东北风 3级
2016-12-23,星期五,-6℃,-17℃,晴,西南风 1级
2016-12-24,星期六,-6℃,-16℃,晴,西风 1级
2016-12-25,星期日,-4℃,-17℃,多云,西风 1级
2016-12-26,星期一,-10℃,-20℃,晴,西风 2级
2016-12-27,星期二,-9℃,-18℃,晴,西南风 2级
2016-12-28,星期三,-9℃,-19℃,晴,西风 2级
2016-12-29,星期四,-7℃,-18℃,晴,西南风 1级
2016-12-30,星期五,-3℃,-15℃,晴,西风 1级
2016-12-31,星期六,-5℃,-16℃,晴,西风 1级
2017-01-01,星期日,-6℃,-16℃,晴,东北风 1级
2017-01-02,星期一,-4℃,-16℃,晴,西南风 2级
2017-01-03,星期二,-3℃,-14℃,晴,西风 2级
2017-01-04,星期三,-4℃,-14℃,晴,西风 1级
2017-01-05,星期四,-4℃,-16℃,晴,西南风 1级
2017-01-06,星期五,-2℃,-13℃,晴,西南风 1级
2017-01-07,星期六,-4℃,-14℃,晴,西风 2级
2017-01-08,星期日,-3℃,-16℃,多云,西风 2级
2017-01-09,星期一,-7℃,-20℃,晴,西风 4级
2017-01-10,星期二,-12℃,-20℃,晴,西风 4级
2017-01-11,星期三,-12℃,-20℃,晴,西北风 3级
2017-01-12,星期四,-12℃,-19℃,晴,西风 4级
2017-01-13,星期五,-11℃,-18℃,多云,西风 2级
2017-01-14,星期六,-7℃,-17℃,晴,西风 2级
2017-01-15,星期日,-5℃,-17℃,晴,西风 1级
2017-01-16,星期一,-8℃,-18℃,多云,西南风 1级
2017-01-17,星期二,-8℃,-17℃,多云,南风 1级
2017-01-18,星期三,-9℃,-19℃,多云,西风 3级
2017-01-19,星期四,-11℃,-20℃,多云,西风 2级
2017-01-20,星期五,-10℃,-20℃,晴,西南风 1级
2017-01-21,星期六,-13℃,-21℃,多云,北风 2级
2017-01-22,星期日,-12℃,-20℃,晴,西风 1级
2017-01-23,星期一,-8℃,-19℃,晴,西风 1级
2017-01-24,星期二,-6℃,-17℃,晴,西风 1级
2017-01-25,星期三,-3℃,-15℃,多云,南风 2级
2017-01-26,星期四,-6℃,-14℃,多云,西风 4级
2017-01-27,星期五,-5℃,-15℃,晴,西风 3级
2017-01-28,星期六,-9℃,-16℃,多云,东北风 2级
2017-01-29,星期日,-8℃,-16℃,晴,西风 1级
2017-01-30,星期一,-6℃,-16℃,晴,西风 3级
2017-01-31,星期二,-5℃,-16℃,晴,西风 1级
2017-02-01,星期三,-3℃,-13℃,晴,西风 2级
2017-02-02,星期四,1℃,-13℃,晴,西风 2级
2017-02-03,星期五,-1℃,-12℃,晴,西风 1级
2017-02-04,星期六,-2℃,-13℃,多云,西北风 1级
2017-02-05,星期日,-4℃,-14℃,晴,西风 2级
2017-02-06,星期一,-2℃,-12℃,晴,西风 3级
2017-02-07,星期二,-3℃,-10℃,多云,西南风 1级
2017-02-08,星期三,-5℃,-14℃,晴,西风 2级
2017-02-09,星期四,-7℃,-13℃,晴,东北风 1级
2017-02-10,星期五,-5℃,-12℃,晴,西风 2级
2017-02-11,星期六,-2℃,-12℃,晴,南风 1级
2017-02-12,星期日,-3℃,-14℃,晴,东北风 2级
2017-02-13,星期一,-1℃,-14℃,晴,西风 1级
2017-02-14,星期二,0℃,-12℃,晴,南风 2级
2017-02-15,星期三,0℃,-8℃,多云,东风 2级
2017-02-16,星期四,-1℃,-14℃,晴,西风 4级
2017-02-17,星期五,-7℃,-18℃,晴,西风 1级
2017-02-18,星期六,-7℃,-16℃,晴,南风 3级
2017-02-19,星期日,-10℃,-15℃,小雪,西北风 3级
2017-02-20,星期一,-2℃,-16℃,晴,西风 2级
2017-02-21,星期二,2℃,-8℃,晴,西风 3级
2017-02-22,星期三,-1℃,-12℃,小雪,北风 2级
2017-02-23,星期四,-1℃,-11℃,晴,西风 2级
2017-02-24,星期五,3℃,-9℃,晴,西风 3级
2017-02-25,星期六,3℃,-8℃,晴,西风 2级
2017-02-26,星期日,5℃,-7℃,晴,西风 2级
2017-02-27,星期一,7℃,-5℃,晴,西风 3级
2017-02-28,星期二,3℃,-11℃,多云,西风 5级
2017-03-01,星期三,-3℃,-13℃,多云,西北风 4级
2017-03-02,星期四,2℃,-11℃,多云,西南风 3级
2017-03-03,星期五,2℃,-14℃,晴,西风 3级
2017-03-05,星期日,-1℃,-13℃,晴,西风 2级
2017-03-06,星期一,-2℃,-11℃,晴,西风 1级
2017-03-07,星期二,2℃,-7℃,晴,西北风 3级
2017-03-08,星期三,6℃,-4℃,晴,北风 2级
2017-03-09,星期四,7℃,-5℃,晴,西风 2级
2017-03-10,星期五,8℃,-4℃,晴,东南风 1级
2017-03-11,星期六,10℃,-5℃,晴,西北风 4级
2017-03-12,星期日,6℃,-6℃,晴,西北风 3级
2017-03-13,星期一,6℃,-4℃,晴,北风 微风
2017-03-14,星期二,7℃,-4℃,晴,西南风 2级
2017-03-15,星期三,11℃,-3℃,晴,西南风 1级
2017-03-16,星期四,11℃,-2℃,晴,东北风 1级
2017-03-17,星期五,11℃,-2℃,多云,西风 1级
2017-03-18,星期六,11℃,-4℃,晴,西北风 2级
2017-03-19,星期日,8℃,-4℃,多云,西南风 1级
2017-03-20,星期一,8℃,-3℃,晴,北风 2级
2017-03-21,星期二,9℃,-4℃,晴,西北风 1级
2017-03-22,星期三,6℃,-4℃,多云,东北风 2级
2017-03-23,星期四,8℃,-3℃,晴,东风 2级
2017-03-24,星期五,10℃,-3℃,晴,东风 2级
2017-03-25,星期六,9℃,-2℃,多云,东北风 2级
2017-03-26,星期日,9℃,-4℃,多云,西南风 2级
2017-03-27,星期一,11℃,-2℃,晴,西风 4级
2017-03-28,星期二,13℃,0℃,晴,西风 4级
2017-03-29,星期三,10℃,0℃,晴,西北风 3级
2017-03-30,星期四,10℃,-2℃,晴,西北风 2级
2017-03-31,星期五,13℃,0℃,晴,东北风 2级
2017-04-01,星期六,15℃,2℃,晴,东南风 3级
2017-04-02,星期日,19℃,2℃,晴,东北风 2级
2017-04-03,星期一,22℃,5℃,晴,南风 5级
2017-04-04,星期二,26℃,10℃,晴,南风 4级
2017-04-05,星期三,25℃,8℃,多云,东风 3级
2017-04-06,星期四,16℃,0℃,多云,东南风 3级
2017-04-07,星期五,14℃,3℃,多云,北风 6级
2017-04-08,星期六,12℃,0℃,晴,西风 6级
2017-04-09,星期日,18℃,6℃,晴,南风 4级
2017-04-10,星期一,19℃,-1℃,多云,西北风 6级
2017-04-11,星期二,8℃,-3℃,晴,西风 4级
2017-04-12,星期三,10℃,-1℃,晴,西风 2级
2017-04-13,星期四,23℃,6℃,晴,西风 3级
2017-04-14,星期五,24℃,7℃,晴,西北风 6级
2017-04-15,星期六,23℃,0℃,晴,西北风 4级
2017-04-16,星期日,16℃,5℃,多云,西风 3级
2017-04-17,星期一,15℃,4℃,小雨,西北风 5级
2017-04-18,星期二,14℃,0℃,多云,北风 2级
2017-04-19,星期三,15℃,4℃,多云,东南风 2级
2017-04-20,星期四,16℃,5℃,多云,西风 3级
2017-04-21,星期五,21℃,5℃,晴,西南风 2级
2017-04-22,星期六,17℃,2℃,多云,西南风 5级
2017-04-23,星期日,14℃,2℃,晴,西南风 5级
2017-04-24,星期一,14℃,2℃,多云,西风 5级
2017-04-25,星期二,15℃,3℃,晴,西北风 4级
2017-04-26,星期三,16℃,5℃,晴,西北风 4级
2017-04-27,星期四,20℃,7℃,晴,西北风 4级
2017-04-28,星期五,23℃,9℃,多云,西北风 4级
2017-04-29,星期六,25℃,7℃,多云,西北风 4级
2017-04-30,星期日,21℃,5℃,晴,西北风 4级
2017-05-01,星期一,28℃,13℃,晴,西北风 4级
2017-05-02,星期二,32℃,17℃,晴,西北风 4级
2017-05-03,星期三,30℃,15℃,多云,西北风 4级
2017-05-04,星期四,23℃,5℃,多云,西北风 4级
2017-05-05,星期五,12℃,3℃,小雨,西北风 4级
2017-05-06,星期六,14℃,4℃,晴,西北风 4级
2017-05-07,星期日,23℃,8℃,晴,西北风 4级
2017-05-08,星期一,28℃,15℃,晴,东南风 4级
2017-05-09,星期二,32℃,14℃,晴,南风 6级
2017-05-10,星期三,26℃,12℃,多云,东南风 3级
2017-05-11,星期四,20℃,7℃,多云,西风 7级
2017-05-12,星期五,17℃,5℃,多云,西风 4级
2017-05-13,星期六,18℃,8℃,多云,东北风 3级
2017-05-14,星期日,21℃,10℃,小雨,东北风 3级
2017-05-15,星期一,26℃,11℃,晴,东南风 4级
2017-05-16,星期二,29℃,14℃,晴,东南风 3级
2017-05-17,星期三,33℃,18℃,晴,南风 5级
2017-05-18,星期四,39℃,17℃,晴,西风 2级
2017-05-19,星期五,26℃,14℃,多云,东南风 2级
2017-05-20,星期六,22℃,9℃,多云,西北风 4级
2017-05-21,星期日,12℃,7℃,小雨,东北风 4级
2017-05-22,星期一,17℃,8℃,小雨,西南风 3级
2017-05-23,星期二,24℃,10℃,晴,西北风 3级
2017-05-24,星期三,21℃,6℃,阵雨,东风 5级
2017-05-25,星期四,22℃,10℃,晴,南风 3级
2017-05-26,星期五,27℃,13℃,晴,西风 3级
2017-05-27,星期六,29℃,15℃,晴,南风 4级
2017-05-28,星期日,25℃,11℃,晴,西风 3级
2017-05-29,星期一,26℃,10℃,晴,东北风 5级
2017-05-30,星期二,25℃,10℃,晴,东北风 2级
2017-05-31,星期三,22℃,10℃,晴,东北风 5级
2017-06-01,星期四,20℃,10℃,多云,西南风 1级
2017-06-02,星期五,22℃,10℃,多云,东北风 4级
2017-06-03,星期六,23℃,10℃,晴,北风 2级
2017-06-04,星期日,25℃,12℃,晴,东南风 2级
2017-06-05,星期一,31℃,17℃,晴,南风 4级
2017-06-06,星期二,24℃,13℃,阵雨,西风 4级
2017-06-07,星期三,26℃,13℃,晴,西北风 5级
2017-06-08,星期四,25℃,10℃,晴,东北风 3级
2017-06-09,星期五,20℃,10℃,晴,北风 3级
2017-06-10,星期六,23℃,11℃,晴,东北风 4级
2017-06-11,星期日,23℃,12℃,晴,东北风 2级
2017-06-12,星期一,26℃,15℃,晴,东南风 3级
2017-06-13,星期二,34℃,21℃,晴,西北风 3级
2017-06-14,星期三,36℃,22℃,晴,东风 3级
2017-06-15,星期四,34℃,20℃,晴,东南风 4级
2017-06-16,星期五,28℃,17℃,多云,东南风 3级
2017-06-17,星期六,29℃,17℃,阵雨,东风 2级
2017-06-18,星期日,29℃,17℃,多云,东风 3级
2017-06-19,星期一,30℃,16℃,阵雨,西风 4级
2017-06-20,星期二,25℃,16℃,阵雨,东北风 3级
2017-06-21,星期三,24℃,16℃,阵雨,西北风 2级
2017-06-22,星期四,30℃,17℃,晴,东南风 4级
2017-06-23,星期五,31℃,17℃,晴,东风 3级
2017-06-24,星期六,33℃,20℃,晴,东南风 3级
2017-06-25,星期日,34℃,20℃,雷阵雨,东风 3级
2017-06-26,星期一,34℃,23℃,晴,东风 4级
2017-06-27,星期二,36℃,23℃,晴,西南风 4级
2017-06-28,星期三,37℃,24℃,晴,南风 2级
2017-06-29,星期四,37℃,24℃,雷阵雨,东北风 4级
2017-06-30,星期五,34℃,22℃,晴,南风 1级
2017-07-01,星期六,32℃,20℃,雷阵雨,东风 2级
2017-07-02,星期日,30℃,20℃,阵雨,南风 1级
2017-07-03,星期一,33℃,20℃,晴,东南风 2级
2017-07-04,星期二,35℃,22℃,晴,东南风 2级
2017-07-05,星期三,35℃,22℃,晴,东南风 2级
2017-07-06,星期四,34℃,24℃,雷阵雨,南风 2级
2017-07-07,星期五,32℃,22℃,雷阵雨,东南风 2级
2017-07-08,星期六,30℃,21℃,阵雨,东南风 2级
2017-07-09,星期日,31℃,21℃,多云,南风 2级
2017-07-10,星期一,31℃,20℃,阵雨,西风 2级
2017-07-11,星期二,32℃,19℃,晴,西风 2级
2017-07-12,星期三,35℃,22℃,晴,西南风 2级
2017-07-13,星期四,33℃,20℃,晴,西北风 1级
2017-07-14,星期五,35℃,21℃,晴,西风 2级
2017-07-15,星期六,36℃,22℃,晴,南风 1级
2017-07-16,星期日,36℃,24℃,晴,南风 2级
2017-07-17,星期一,37℃,25℃,晴,东风 2级
2017-07-18,星期二,37℃,23℃,晴,西北风 1级
2017-07-19,星期三,32℃,19℃,多云,东南风 2级
2017-07-20,星期四,24℃,17℃,小雨,西南风 2级
2017-07-21,星期五,31℃,20℃,晴,西南风 2级
2017-07-22,星期六,33℃,21℃,晴,西南风 3级
2017-07-23,星期日,30℃,19℃,多云,西南风 1级
2017-07-24,星期一,29℃,16℃,晴,东风 1级
2017-07-25,星期二,28℃,19℃,晴,东南风 2级
2017-07-26,星期三,22℃,18℃,小雨,东北风 2级
2017-07-27,星期四,27℃,16℃,多云,东北风 1级
2017-07-28,星期五,31℃,18℃,晴,东南风 2级
2017-07-29,星期六,32℃,21℃,晴,西北风 1级
2017-07-30,星期日,32℃,20℃,阵雨,西风 2级
2017-07-31,星期一,33℃,21℃,雷阵雨,南风 1级
2017-08-01,星期二,32℃,22℃,多云,东北风 2级
2017-08-02,星期三,27℃,21℃,小雨,东南风 2级
2017-08-03,星期四,25℃,21℃,中雨,北风 1级
2017-08-04,星期五,28℃,20℃,多云,东风 1级
2017-08-05,星期六,32℃,21℃,晴,东南风 2级
2017-08-06,星期日,27℃,20℃,阵雨,东风 1级
2017-08-07,星期一,28℃,19℃,阵雨,东北风 1级
2017-08-08,星期二,27℃,20℃,阵雨,东南风 2级
2017-08-09,星期三,29℃,20℃,多云,西风 1级
2017-08-10,星期四,25℃,20℃,中雨,东北风 2级
2017-08-11,星期五,29℃,21℃,阵雨,东风 2级
2017-08-12,星期六,28℃,20℃,阵雨,东南风 2级
2017-08-13,星期日,28℃,21℃,中雨,东南风 1级
2017-08-14,星期一,27℃,20℃,中雨,东北风 1级
2017-08-15,星期二,28℃,19℃,阵雨,东风 2级
2017-08-16,星期三,26℃,19℃,阵雨,东北风 2级
2017-08-17,星期四,28℃,19℃,阵雨,东北风 2级
2017-08-18,星期五,28℃,18℃,多云,东风 2级
2017-08-19,星期六,29℃,19℃,晴,西南风 2级
2017-08-20,星期日,29℃,21℃,多云,东南风 2级
2017-08-21,星期一,30℃,18℃,晴,西风 2级
2017-08-22,星期二,29℃,16℃,晴,西南风 1级
2017-08-23,星期三,26℃,15℃,多云,南风 2级
2017-08-24,星期四,24℃,14℃,多云,西风 3级
2017-08-25,星期五,22℃,13℃,晴,西北风 3级
2017-08-26,星期六,24℃,15℃,晴,南风 2级
2017-08-27,星期日,28℃,11℃,多云,西风 2级
2017-08-28,星期一,19℃,8℃,晴,西风 3级
2017-08-29,星期二,19℃,9℃,晴,西风 2级
2017-08-30,星期三,22℃,11℃,晴,西风 2级
2017-08-31,星期四,25℃,13℃,晴,南风 1级
2017-09-01,星期五,25℃,13℃,晴,东南风 2级
2017-09-02,星期六,25℃,14℃,晴,东风 2级
2017-09-03,星期日,24℃,16℃,小雨,西南风 2级
2017-09-04,星期一,28℃,17℃,小雨,西风 1级
2017-09-05,星期二,24℃,14℃,阵雨,西南风 1级
2017-09-06,星期三,27℃,13℃,晴,西风 1级
2017-09-07,星期四,28℃,11℃,多云,东北风 3级
2017-09-08,星期五,20℃,11℃,晴,东风 1级
2017-09-09,星期六,22℃,12℃,多云,南风 1级
2017-09-10,星期日,19℃,11℃,小雨,西南风 2级
2017-09-11,星期一,19℃,9℃,晴,西北风 3级
2017-09-12,星期二,20℃,10℃,晴,西北风 1级
2017-09-13,星期三,23℃,9℃,晴,西风 1级
2017-09-14,星期四,21℃,11℃,晴,东南风 2级
2017-09-15,星期五,19℃,11℃,小雨,东南风 2级
2017-09-16,星期六,20℃,11℃,小雨,西风 2级
2017-09-17,星期日,22℃,11℃,晴,东北风 2级
2017-09-18,星期一,25℃,11℃,多云,东南风 2级
2017-09-19,星期二,19℃,11℃,阵雨,西风 1级
2017-09-20,星期三,23℃,10℃,晴,西南风 3级
2017-09-21,星期四,25℃,12℃,晴,东南风 2级
2017-09-22,星期五,20℃,8℃,晴,西南风 2级
2017-09-23,星期六,24℃,10℃,晴,东风 2级
2017-09-24,星期日,22℃,7℃,晴,西风 1级
2017-09-25,星期一,24℃,12℃,晴,东南风 2级
2017-09-26,星期二,17℃,5℃,晴,西北风 2级
2017-09-27,星期三,15℃,2℃,晴,西风 2级
2017-09-28,星期四,11℃,2℃,晴,西北风 2级
2017-09-29,星期五,14℃,2℃,晴,西北风 3级
2017-09-30,星期六,16℃,6℃,晴,东南风 2级
2017-10-01,星期日,15℃,3℃,晴,西风 2级
2017-10-02,星期一,13℃,1℃,晴,西北风 2级
2017-10-03,星期二,14℃,0℃,晴,西北风 1级
2017-10-04,星期三,16℃,5℃,晴,南风 3级
2017-10-05,星期四,24℃,9℃,晴,东风 1级
2017-10-06,星期五,25℃,8℃,晴,西风 1级
2017-10-07,星期六,16℃,7℃,多云,东南风 2级
2017-10-08,星期日,12℃,5℃,小雨,东北风 3级
2017-10-09,星期一,12℃,2℃,多云,东北风 2级
2017-10-10,星期二,10℃,2℃,多云,东北风 2级
2017-10-11,星期三,9℃,0℃,多云,西南风 2级
2017-10-12,星期四,11℃,0℃,多云,东北风 1级
2017-10-13,星期五,11℃,-1℃,多云,西北风 2级
2017-10-14,星期六,11℃,-1℃,晴,西风 1级
2017-10-15,星期日,11℃,0℃,多云,北风 微风
2017-10-16,星期一,11℃,-2℃,晴,北风 1级
2017-10-17,星期二,8℃,-1℃,晴,南风 1级
2017-10-18,星期三,13℃,1℃,多云,北风 微风
2017-10-19,星期四,14℃,2℃,晴,东南风 1级
2017-10-20,星期五,16℃,-1℃,多云,东北风 2级
2017-10-21,星期六,7℃,-5℃,晴,东南风 1级
2017-10-22,星期日,9℃,-3℃,晴,东南风 1级
2017-10-23,星期一,13℃,0℃,晴,西风 2级
2017-10-24,星期二,17℃,0℃,晴,东南风 1级
2017-10-25,星期三,14℃,1℃,晴,南风 2级
2017-10-26,星期四,4℃,0℃,晴,西北风 4～5级
2017-10-27,星期五,1℃,0℃,多云,西北风 4～5级
2017-10-28,星期六,0℃,-3℃,晴,东风 4～5级
2017-10-29,星期日,0℃,0℃,晴,南风 3～4级
2017-10-30,星期一,12℃,-1℃,晴,西南风 1级
2017-10-31,星期二,12℃,-1℃,晴,西风 2级
2017-11-01,星期三,11℃,-3℃,晴,西北风 2级
2017-11-02,星期四,6℃,-5℃,多云,东风 3级
2017-11-03,星期五,5℃,-6℃,晴,西南风 2级
2017-11-04,星期六,10℃,-1℃,晴,东风 1级
2017-11-05,星期日,15℃,-1℃,晴,西南风 2级
2017-11-06,星期一,10℃,1℃,多云,东风 1级
2017-11-07,星期二,6℃,-4℃,雨夹雪,西北风 2级
2017-11-08,星期三,7℃,-3℃,晴,西风 1级
2017-11-09,星期四,4℃,-5℃,雨夹雪,西北风 2级
2017-11-10,星期五,4℃,-7℃,晴,西北风 3级
2017-11-11,星期六,4℃,-7℃,晴,西南风 2级
2017-11-12,星期日,4℃,-7℃,晴,西风 3级
2017-11-13,星期一,1℃,-8℃,多云,西风 2级
2017-11-14,星期二,-2℃,-10℃,多云,西风 3级
2017-11-15,星期三,-3℃,-13℃,晴,西风 2级
2017-11-16,星期四,-3℃,-10℃,多云,西南风 1级
2017-11-17,星期五,-5℃,-14℃,多云,西风 3级
2017-11-18,星期六,-7℃,-16℃,晴,西风 3级
2017-11-19,星期日,-5℃,-15℃,晴,西北风 3级
2017-11-20,星期一,-2℃,-11℃,晴,南风 1级
2017-11-21,星期二,4℃,-9℃,多云,西风 2级
2017-11-22,星期三,-3℃,-14℃,晴,西风 2级
2017-11-23,星期四,-6℃,-17℃,晴,西风 2级
2017-11-24,星期五,-8℃,-16℃,晴,西南风 1级
2017-11-25,星期六,-7℃,-17℃,晴,西南风 1级
2017-11-26,星期日,-6℃,-14℃,晴,西南风 2级
2017-11-27,星期一,5℃,-11℃,晴,西南风 2级
2017-11-28,星期二,-7℃,-19℃,多云,西风 3级
2017-11-29,星期三,-12℃,-20℃,晴,西风 3级
2017-11-30,星期四,-10℃,-19℃,晴,西风 2级
2017-12-01,星期五,-6℃,-17℃,多云,西风 2级
2017-12-02,星期六,-8℃,-16℃,多云,东北风 2级
2017-12-03,星期日,-8℃,-19℃,晴,西风 2级
2017-12-04,星期一,-8℃,-18℃,晴,西北风 3级
2017-12-05,星期二,-9℃,-19℃,晴,东南风 1级
2017-12-06,星期三,-6℃,-17℃,晴,南风 1级
2017-12-07,星期四,-10℃,-16℃,晴,西风 2级
2017-12-08,星期五,-3℃,-14℃,多云,东风 3级
2017-12-09,星期六,-2℃,-15℃,小雪,东北风 3级
2017-12-10,星期日,-12℃,-21℃,多云,西风 2级
2017-12-11,星期一,-13℃,-21℃,晴,西风 2级
2017-12-12,星期二,-12℃,-21℃,晴,西风 1级
2017-12-13,星期三,-9℃,-21℃,晴,西南风 1级
2017-12-14,星期四,-10℃,-19℃,多云,西风 2级
2017-12-15,星期五,-9℃,-20℃,多云,西风 3级
2017-12-16,星期六,-11℃,-20℃,晴,西风 3级
2017-12-17,星期日,-8℃,-17℃,多云,西风 2级
2017-12-18,星期一,-9℃,-20℃,多云,西北风 4级
2017-12-19,星期二,-9℃,-17℃,晴,西风 2级
2017-12-20,星期三,-5℃,-15℃,晴,南风 1级
2017-12-21,星期四,0℃,-12℃,晴,西南风 2级
2017-12-22,星期五,-2℃,-13℃,晴,西风 2级
2017-12-23,星期六,-3℃,-14℃,多云,西南风 1级
2017-12-24,星期日,-6℃,-16℃,多云,西风 2级
2017-12-25,星期一,-9℃,-19℃,多云,西风 2级
2017-12-26,星期二,-11℃,-20℃,晴,西风 2级
2017-12-27,星期三,-10℃,-19℃,晴,西北风 1级
2017-12-28,星期四,-7℃,-20℃,晴,西风 1级
2017-12-29,星期五,-9℃,-18℃,多云,东南风 2级
2017-12-30,星期六,-7℃,-18℃,多云,西南风 1级
2017-12-31,星期日,-9℃,-19℃,多云,西风 1级
2018-01-01,星期一,-10℃,-18℃,晴,西风 2级
2018-01-02,星期二,-8℃,-16℃,晴,西风 2级
2018-01-03,星期三,-8℃,-16℃,晴,西北风 2级
2018-01-04,星期四,-6℃,-15℃,晴,西风 2级
2018-01-05,星期五,-5℃,-14℃,晴,西风 3级
2018-01-06,星期六,-3℃,-12℃,晴,西风 2级
2018-01-07,星期日,-3℃,-13℃,多云,西风 3级
2018-01-08,星期一,-6℃,-14℃,多云,北风 1级
2018-01-09,星期二,-10℃,-19℃,多云,西风 2级
2018-01-10,星期三,-14℃,-22℃,晴,东北风 1级
2018-01-11,星期四,-12℃,-21℃,晴,西南风 2级
2018-01-12,星期五,-6℃,-19℃,晴,东南风 1级
2018-01-13,星期六,-8℃,-17℃,多云,西南风 2级
2018-01-14,星期日,-8℃,-17℃,多云,西风 1级
2018-01-15,星期一,-6℃,-15℃,晴,东南风 2级
2018-01-16,星期二,-6℃,-14℃,多云,南风 2级
2018-01-17,星期三,-7℃,-18℃,晴,西风 3级
2018-01-18,星期四,-7℃,-17℃,晴,南风 2级
2018-01-19,星期五,-7℃,-20℃,多云,西风 3级
2018-01-20,星期六,-13℃,-23℃,晴,西风 2级
2018-01-21,星期日,-15℃,-24℃,晴,西风 2级
2018-01-22,星期一,-18℃,-25℃,晴,西风 3级
2018-01-23,星期二,-20℃,-27℃,多云,西北风 3级
2018-01-24,星期三,-18℃,-27℃,多云,东风 1级
2018-01-25,星期四,-18℃,-26℃,晴,西风 1级
2018-01-26,星期五,-13℃,-23℃,晴,西风 2级
2018-01-27,星期六,-15℃,-22℃,晴,西风 4级
2018-01-28,星期日,-14℃,-22℃,多云,西风 2级
2018-01-29,星期一,-11℃,-18℃,晴,西风 2级
2018-01-30,星期二,-8℃,-19℃,晴,西风 2级
2018-01-31,星期三,-8℃,-18℃,晴,西风 2级
2018-02-01,星期四,-7℃,-19℃,晴,西风 2级
2018-02-02,星期五,-11℃,-21℃,晴,东北风 1级
2018-02-03,星期六,-12℃,-22℃,晴,东南风 2级
2018-02-04,星期日,-12℃,-22℃,晴,西风 1级
2018-02-05,星期一,-12℃,-22℃,晴,东南风 1级
2018-02-06,星期二,-12℃,-21℃,多云,东南风 1级
2018-02-07,星期三,-8℃,-22℃,晴,西风 2级
2018-02-08,星期四,-4℃,-15℃,晴,西风 1级
2018-02-09,星期五,-6℃,-18℃,晴,西风 3级
2018-02-10,星期六,-11℃,-21℃,晴,西风 4级
2018-02-11,星期日,-12℃,-20℃,晴,西风 3级
2018-02-12,星期一,-8℃,-19℃,晴,西风 2级
2018-02-13,星期二,-5℃,-16℃,晴,南风 1级
2018-02-14,星期三,-5℃,-16℃,晴,西北风 3级
2018-02-15,星期四,-2℃,-15℃,多云,西风 2级
2018-02-16,星期五,-7℃,-18℃,晴,西北风 2级
2018-02-17,星期六,-6℃,-16℃,晴,西风 2级
2018-02-18,星期日,-3℃,-15℃,晴,西风 2级
2018-02-19,星期一,-4℃,-16℃,晴,西风 2级
2018-02-20,星期二,-5℃,-16℃,晴,西风 3级
2018-02-21,星期三,-2℃,-14℃,晴,西风 2级
2018-02-22,星期四,-5℃,-15℃,多云,西北风 2级
2018-02-23,星期五,-6℃,-17℃,多云,西风 3级
2018-02-24,星期六,-4℃,-16℃,晴,西南风 2级
2018-02-25,星期日,-3℃,-13℃,晴,东北风 2级
2018-02-26,星期一,-6℃,-16℃,小雪,东风 2级
2018-02-27,星期二,-4℃,-12℃,多云,南风 2级
2018-02-28,星期三,-8℃,-14℃,中雪,北风 2级
2018-03-01,星期四,-5℃,-16℃,晴,西风 2级
2018-03-02,星期五,-3℃,-12℃,晴,西北风 2级
2018-03-03,星期六,-6℃,-14℃,小雪,西风 3级
2018-03-04,星期日,-3℃,-16℃,晴,西风 2级
2018-03-05,星期一,-5℃,-16℃,晴,西风 2级
2018-03-06,星期二,-6℃,-15℃,晴,南风 2级
2018-03-07,星期三,-7℃,-16℃,小雪,西南风 2级
2018-03-08,星期四,-4℃,-14℃,晴,东南风 2级
2018-03-09,星期五,-4℃,-13℃,晴,东风 2级
2018-03-10,星期六,-1℃,-13℃,多云,东南风 2级
2018-03-11,星期日,1℃,-14℃,晴,南风 4级
2018-03-12,星期一,12℃,-4℃,晴,东北风 2级
2018-03-13,星期二,6℃,-4℃,多云,南风 1级
2018-03-14,星期三,3℃,-9℃,雨夹雪,东北风 2级
2018-03-15,星期四,-2℃,-11℃,晴,西风 3级
2018-03-16,星期五,7℃,-7℃,晴,西风 3级
2018-03-17,星期六,10℃,-4℃,晴,西风 3级
2018-03-18,星期日,10℃,-6℃,多云,东北风 3级
2018-03-19,星期一,3℃,-7℃,晴,东南风 2级
2018-03-20,星期二,8℃,-5℃,晴,南风 2级
2018-03-21,星期三,12℃,-3℃,晴,东南风 1级
2018-03-22,星期四,15℃,-1℃,晴,西南风 2级
2018-03-23,星期五,13℃,1℃,多云,西北风 2级
2018-03-24,星期六,18℃,4℃,晴,西风 1级
2018-03-25,星期日,21℃,3℃,晴,东南风 2级
2018-03-26,星期一,23℃,6℃,晴,西北风 3级
2018-03-27,星期二,22℃,3℃,多云,西风 5级
2018-03-28,星期三,12℃,-1℃,晴,西风 2级
2018-03-29,星期四,12℃,-1℃,晴,西南风 2级
2018-03-30,星期五,14℃,2℃,小雨,南风 2级
2018-03-31,星期六,12℃,2℃,多云,西南风 1级
2018-04-01,星期日,21℃,5℃,多云,西南风 2级
2018-04-02,星期一,15℃,-2℃,多云,西风 4级
2018-04-03,星期二,7℃,-5℃,晴,西北风 2级
2018-04-04,星期三,6℃,-4℃,晴,西南风 2级
2018-04-05,星期四,3℃,-4℃,阴,东北风 2级
2018-04-06,星期五,6℃,-4℃,多云,西北风 3级
2018-04-07,星期六,8℃,-3℃,晴,西风 2级
2018-04-08,星期日,11℃,-2℃,晴,东南风 2级
2018-04-09,星期一,15℃,5℃,晴,南风 2级
2018-04-10,星期二,8℃,1℃,小雨,西风 2级
2018-04-11,星期三,12℃,2℃,晴,西北风 4级
2018-04-12,星期四,14℃,1℃,晴,东南风 1级
2018-04-13,星期五,10℃,3℃,小雨,东南风 2级
2018-04-14,星期六,8℃,1℃,小雨,西北风 3级
2018-04-15,星期日,15℃,2℃,晴,西南风 2级
2018-04-16,星期一,23℃,8℃,晴,西南风 2级
2018-04-17,星期二,21℃,5℃,多云,东风 2级
2018-04-18,星期三,18℃,5℃,晴,南风 1级
2018-04-19,星期四,25℃,13℃,多云,南风 3级
2018-04-20,星期五,21℃,7℃,小雨,北风 2级
2018-04-21,星期六,14℃,3℃,多云,东风 2级
2018-04-22,星期日,15℃,5℃,晴,东北风 1级
2018-04-23,星期一,19℃,7℃,多云,东南风 1级
2018-04-24,星期二,24℃,8℃,晴,西南风 1级
2018-04-25,星期三,29℃,11℃,晴,西风 3级
2018-04-26,星期四,15℃,3℃,多云,南风 2级
2018-04-27,星期五,28℃,12℃,晴,西南风 2级
2018-04-28,星期六,29℃,12℃,多云,南风 2级
2018-04-29,星期日,15℃,5℃,多云,东南风 2级
2018-04-30,星期一,19℃,6℃,晴,西南风 微风
2018-05-01,星期二,17℃,6℃,多云,东北风 2级
2018-05-02,星期三,18℃,5℃,晴,东北风 2级
2018-05-03,星期四,19℃,5℃,阵雨,东南风 2级
2018-05-04,星期五,24℃,11℃,晴,东南风 3级
2018-05-05,星期六,20℃,7℃,多云,西风 2级
2018-05-06,星期日,20℃,7℃,晴,东北风 2级
2018-05-07,星期一,20℃,7℃,晴,东风 2级
2018-05-08,星期二,21℃,8℃,晴,东风 2级
2018-05-09,星期三,23℃,12℃,晴,南风 2级
2018-05-10,星期四,24℃,10℃,多云,西北风 2级
2018-05-11,星期五,27℃,13℃,晴,西南风 3级
2018-05-12,星期六,25℃,10℃,多云,西北风 2级
2018-05-13,星期日,25℃,15℃,多云,东南风 2级
2018-05-14,星期一,29℃,13℃,晴,东风 1级
2018-05-15,星期二,25℃,15℃,多云,东南风 2级
2018-05-16,星期三,22℃,12℃,多云,东北风 2级
2018-05-17,星期四,23℃,11℃,多云,东北风 1级
2018-05-18,星期五,26℃,14℃,晴,南风 2级
2018-05-19,星期六,29℃,16℃,晴,南风 3级
2018-05-20,星期日,27℃,16℃,多云,南风 4级
2018-05-21,星期一,27℃,13℃,晴,南风 3级
2018-05-22,星期二,15℃,6℃,小雨,西风 2级
2018-05-23,星期三,22℃,11℃,多云,西南风 1级
2018-05-24,星期四,26℃,10℃,晴,东风 2级
2018-05-25,星期五,22℃,10℃,多云,东南风 2级
2018-05-26,星期六,26℃,12℃,晴,东风 3级
2018-05-27,星期日,19℃,10℃,小雨,东北风 2级
2018-05-28,星期一,19℃,12℃,小雨,东北风 2级
2018-05-29,星期二,20℃,10℃,小雨,东北风 1级
2018-05-30,星期三,29℃,16℃,阵雨,东南风 2级
2018-05-31,星期四,33℃,18℃,晴,东南风 2级
2018-06-01,星期五,37℃,19℃,晴,西南风 2级
2018-06-02,星期六,39℃,20℃,晴,西南风 2级
2018-06-03,星期日,29℃,15℃,多云,西南风 3级
2018-06-04,星期一,28℃,14℃,晴,南风 2级
2018-06-05,星期二,27℃,14℃,晴,西北风 2级
2018-06-06,星期三,27℃,15℃,晴,北风 1级
2018-06-07,星期四,28℃,15℃,多云,东北风 2级
2018-06-08,星期五,29℃,17℃,晴,西南风 3级
2018-06-09,星期六,30℃,17℃,晴,西风 1级
2018-06-10,星期日,28℃,16℃,阵雨,东南风 2级
2018-06-11,星期一,29℃,17℃,阵雨,西风 1级
2018-06-12,星期二,24℃,16℃,中雨,东风 1级
2018-06-13,星期三,24℃,16℃,阵雨,东南风 1级
2018-06-14,星期四,26℃,16℃,中雨,东风 2级
2018-06-15,星期五,27℃,17℃,阵雨,东南风 3级
2018-06-16,星期六,27℃,16℃,多云,东风 2级
2018-06-17,星期日,29℃,17℃,晴,东南风 1级
2018-06-18,星期一,21℃,15℃,中雨,东南风 2级
2018-06-19,星期二,26℃,14℃,晴,东风 微风
2018-06-20,星期三,26℃,15℃,多云,西南风 1级
2018-06-21,星期四,30℃,18℃,晴,西南风 2级
2018-06-22,星期五,34℃,19℃,晴,东北风 2级
2018-06-23,星期六,30℃,17℃,晴,东风 2级
2018-06-24,星期日,29℃,18℃,多云,东风 2级
2018-06-25,星期一,26℃,19℃,雷阵雨,东风 2级
2018-06-26,星期二,25℃,19℃,雷阵雨,西南风 2级
2018-06-27,星期三,24℃,17℃,雷阵雨,西北风 1级
2018-06-28,星期四,30℃,18℃,晴,西南风 2级
2018-06-29,星期五,31℃,19℃,晴,东南风 1级
2018-06-30,星期六,30℃,20℃,多云,西南风 2级
2018-07-01,星期日,34℃,21℃,晴,南风 2级
2018-07-02,星期一,33℃,21℃,晴,东南风 2级
2018-07-03,星期二,31℃,21℃,雷阵雨,东风 1级
2018-07-04,星期三,26℃,19℃,大雨,西风 1级
2018-07-05,星期四,25℃,18℃,雷阵雨,东风 2级
2018-07-06,星期五,26℃,18℃,晴,东风 2级
2018-07-07,星期六,25℃,19℃,大雨,南风 2级
2018-07-08,星期日,27℃,19℃,雷阵雨,西风 2级
2018-07-09,星期一,30℃,18℃,雷阵雨,南风 2级
2018-07-10,星期二,29℃,20℃,晴,东南风 2级
2018-07-11,星期三,29℃,20℃,雷阵雨,南风 2级
2018-07-12,星期四,32℃,21℃,晴,西南风 2级
2018-07-13,星期五,32℃,19℃,晴,西南风 2级
2018-07-14,星期六,33℃,20℃,晴,西风 2级
2018-07-15,星期日,33℃,22℃,晴,东南风 2级
2018-07-16,星期一,29℃,22℃,雷阵雨,北风 2级
2018-07-17,星期二,28℃,23℃,雷阵雨,东北风 2级
2018-07-18,星期三,28℃,23℃,中雨,西南风 4级
2018-07-19,星期四,33℃,24℃,多云,西南风 2级
2018-07-20,星期五,30℃,24℃,大雨,东风 2级
2018-07-21,星期六,33℃,24℃,雷阵雨,西风 2级
2018-07-22,星期日,35℃,22℃,晴,西风 1级
2018-07-23,星期一,34℃,23℃,晴,东南风 2级
2018-07-24,星期二,28℃,22℃,中雨,南风 1级
2018-07-25,星期三,26℃,19℃,阵雨,东北风 1级
2018-07-26,星期四,28℃,18℃,晴,东南风 1级
2018-07-27,星期五,30℃,20℃,晴,南风 2级
2018-07-28,星期六,31℃,21℃,晴,南风 2级
2018-07-29,星期日,32℃,23℃,晴,东南风 1级
2018-07-30,星期一,30℃,21℃,多云,东北风 1级
2018-07-31,星期二,31℃,19℃,晴,西风 1级
2018-08-01,星期三,29℃,20℃,晴,东南风 2级
2018-08-02,星期四,32℃,24℃,晴,东风 2级
2018-08-03,星期五,36℃,23℃,晴,东北风 2级
2018-08-04,星期六,25℃,17℃,雷阵雨,西北风 1级
2018-08-05,星期日,26℃,18℃,晴,东南风 2级
2018-08-06,星期一,23℃,16℃,阵雨,西南风 1级
2018-08-07,星期二,27℃,19℃,晴,西南风 1级
2018-08-08,星期三,30℃,18℃,多云,东风 1级
2018-08-09,星期四,31℃,19℃,晴,西南风 2级
2018-08-10,星期五,30℃,19℃,晴,南风 1级
2018-08-11,星期六,23℃,17℃,中雨,东风 2级
2018-08-12,星期日,24℃,18℃,多云,东风 1级
2018-08-13,星期一,23℃,17℃,阵雨,东南风 1级
2018-08-14,星期二,22℃,17℃,阵雨,北风 2级
2018-08-15,星期三,27℃,16℃,晴,东风 2级
2018-08-16,星期四,27℃,16℃,晴,东南风 1级
2018-08-17,星期五,26℃,17℃,阵雨,西风 2级
2018-08-18,星期六,28℃,16℃,晴,西南风 2级
2018-08-19,星期日,32℃,19℃,晴,东南风 1级
2018-08-20,星期一,29℃,18℃,雷阵雨,西风 1级
2018-08-21,星期二,27℃,17℃,多云,南风 微风
2018-08-22,星期三,28℃,17℃,晴,东南风 1级
2018-08-23,星期四,28℃,17℃,晴,东北风 2级
2018-08-24,星期五,26℃,16℃,多云,东北风 2级
2018-08-25,星期六,20℃,16℃,中雨,北风 1级
2018-08-26,星期日,24℃,16℃,多云,东北风 2级
2018-08-27,星期一,26℃,16℃,晴,西南风 1级
2018-08-28,星期二,23℃,16℃,小雨,东北风 1级
2018-08-29,星期三,24℃,16℃,小雨,西北风 1级
2018-08-30,星期四,24℃,16℃,雷阵雨,西风 2级
2018-08-31,星期五,26℃,15℃,晴,东风 2级
2018-09-01,星期六,27℃,16℃,晴,东南风 1级
2018-09-02,星期日,21℃,16℃,中雨,西南风 2级
2018-09-03,星期一,21℃,16℃,小雨,西北风 2级
2018-09-04,星期二,22℃,14℃,多云,北风 1级
2018-09-05,星期三,23℃,14℃,多云,北风 1级
2018-09-06,星期四,22℃,11℃,晴,西北风 3级
2018-09-10,星期一,24℃,11℃,晴,东南风 微风
2018-09-11,星期二,25℃,13℃,多云,西南风 2级
2018-09-12,星期三,25℃,12℃,多云,西南风 3级
2018-09-13,星期四,27℃,10℃,晴,西风 1级
2018-09-14,星期五,25℃,12℃,多云,西北风 1级
2018-09-16,星期日,22℃,9℃,晴,西风 1级
2018-09-17,星期一,24℃,10℃,晴,西南风 2级
2018-09-18,星期二,25℃,10℃,晴,东南风 1级
2018-09-19,星期三,25℃,11℃,晴,东南风 3级
2018-09-20,星期四,26℃,9℃,阵雨,东风 1级
2018-09-21,星期五,19℃,7℃,阵雨,西南风 1级
2018-09-22,星期六,17℃,7℃,小雨,西风 2级
2018-09-23,星期日,15℃,7℃,小雨,西南风 2级
2018-09-24,星期一,19℃,6℃,多云,西北风 微风
2018-09-25,星期二,20℃,5℃,晴,东南风 微风
2018-09-26,星期三,21℃,5℃,晴,东南风 1级
2018-09-27,星期四,22℃,11℃,多云,东南风 2级
2018-09-28,星期五,17℃,7℃,小雨,南风 1级
2018-09-29,星期六,15℃,8℃,小雨,东南风 2级
2018-09-30,星期日,14℃,6℃,小雨,南风 1级
2018-10-01,星期一,19℃,8℃,晴,西风 1级
2018-10-02,星期二,21℃,7℃,晴,西南风 2级
2018-10-03,星期三,23℃,9℃,晴,西南风 2级
2018-10-04,星期四,25℃,8℃,晴,南风 2级
2018-10-05,星期五,24℃,8℃,晴,西南风 1级
2018-10-06,星期六,15℃,3℃,多云,西南风 2级
2018-10-07,星期日,13℃,2℃,多云,西南风 1级
2018-10-08,星期一,13℃,1℃,多云,西风 2级
2018-10-09,星期二,12℃,1℃,多云,西南风 2级
2018-10-10,星期三,12℃,1℃,多云,北风 2级
2018-10-11,星期四,16℃,3℃,晴,西风 2级
2018-10-12,星期五,21℃,4℃,晴,西南风 1级
2018-10-13,星期六,20℃,4℃,晴,西南风 3级
2018-10-14,星期日,14℃,2℃,晴,西风 2级
2018-10-15,星期一,13℃,0℃,晴,西风 2级
2018-10-16,星期二,12℃,-1℃,晴,东南风 1级
2018-10-17,星期三,13℃,-2℃,晴,西风 1级
2018-10-18,星期四,19℃,2℃,晴,西北风 1级
2018-10-19,星期五,21℃,3℃,晴,西风 2级
2018-10-20,星期六,21℃,2℃,晴,西风 1级
2018-10-21,星期日,21℃,5℃,晴,南风 2级
2018-10-22,星期一,17℃,3℃,多云,西风 2级
2018-10-23,星期二,15℃,-2℃,晴,西风 1级
2018-10-24,星期三,14℃,1℃,晴,西风 1级
2018-10-25,星期四,13℃,0℃,中雨,西北风 1级
2018-10-26,星期五,8℃,-1℃,小雨,西风 3级
2018-10-27,星期六,7℃,-2℃,多云,西北风 3级
2018-10-28,星期日,5℃,-1℃,多云,北风 2级
2018-10-29,星期一,7℃,-2℃,雨夹雪,西风 2级
2018-10-30,星期二,9℃,-2℃,晴,西风 2级
2018-10-31,星期三,14℃,-1℃,晴,西风 2级
2018-11-01,星期四,15℃,0℃,晴,西风 1级
2018-11-02,星期五,17℃,3℃,晴,西风 2级
2018-11-03,星期六,10℃,-4℃,小雨,西北风 4级
2018-11-04,星期日,3℃,-7℃,多云,南风 1级
2018-11-05,星期一,5℃,-6℃,晴,西风 2级
2018-11-06,星期二,6℃,-6℃,晴,西风 3级
2018-11-07,星期三,9℃,-4℃,晴,西风 2级
2018-11-08,星期四,9℃,-1℃,多云,东南风 1级
2018-11-09,星期五,6℃,-5℃,晴,西北风 3级
2018-11-10,星期六,7℃,-5℃,晴,西南风 1级
2018-11-11,星期日,6℃,-6℃,晴,东南风 微风
2018-11-12,星期一,6℃,-7℃,晴,西南风 2级
2018-11-13,星期二,7℃,-6℃,晴,东南风 2级
2018-11-14,星期三,7℃,-5℃,多云,西北风 3级
2018-11-15,星期四,1℃,-10℃,晴,西北风 3级
2018-11-16,星期五,1℃,-9℃,晴,西南风 3级
2018-11-17,星期六,2℃,-9℃,晴,东南风 2级
2018-11-18,星期日,0℃,-11℃,多云,西北风 2级
2018-11-19,星期一,-2℃,-12℃,晴,西南风 2级
2018-11-20,星期二,-4℃,-11℃,晴,西北风 2级
2018-11-21,星期三,-4℃,-14℃,晴,西北风 3级
2018-11-22,星期四,-6℃,-13℃,晴,西南风 2级
2018-11-23,星期五,0℃,-11℃,晴,西南风 3级
2018-11-24,星期六,3℃,-9℃,晴,西北风 2级
2018-11-25,星期日,5℃,-4℃,晴,西南风 4级
2018-11-26,星期一,8℃,-7℃,多云,西北风 3级
2018-11-27,星期二,-4℃,-12℃,晴,西北风 3级
2018-11-28,星期三,-4℃,-14℃,晴,西北风 3级
2018-11-29,星期四,5℃,-7℃,晴,西南风 4级
2018-11-30,星期五,-1℃,-13℃,晴,西北风 6级
2018-12-01,星期六,1℃,-11℃,晴,西南风 2级
2018-12-02,星期日,9℃,-4℃,晴,西南风 3级
2018-12-03,星期一,-3℃,-13℃,晴,西北风 3级
2018-12-04,星期二,-9℃,-18℃,晴,西北风 3级
2018-12-05,星期三,-10℃,-20℃,晴,西北风 3级
2018-12-06,星期四,-13℃,-21℃,晴,西北风 3级
2018-12-07,星期五,-15℃,-21℃,晴,西北风 3级
2018-12-08,星期六,-12℃,-20℃,晴,西北风 3级
2018-12-09,星期日,-10℃,-20℃,晴,西南风 1级
2018-12-10,星期一,-10℃,-20℃,多云,西南风 2级
2018-12-11,星期二,-9℃,-19℃,多云,西北风 2级
2018-12-12,星期三,-8℃,-18℃,小雪,东北风 3级
2018-12-13,星期四,-8℃,-19℃,晴,西北风 2级
2018-12-14,星期五,-6℃,-18℃,晴,西南风 3级
2018-12-15,星期六,-3℃,-13℃,晴,西北风 3级
2018-12-16,星期日,-1℃,-12℃,晴,西北风 3级
2018-12-17,星期一,-3℃,-13℃,晴,西北风 2级
2018-12-18,星期二,-2℃,-11℃,晴,西南风 3级
2018-12-19,星期三,0℃,-12℃,晴,西北风 3级
2018-12-20,星期四,0℃,-10℃,晴,西南风 2级
2018-12-21,星期五,0℃,-11℃,阴,西南风 2级
2018-12-22,星期六,-3℃,-16℃,晴,西北风 4级
2018-12-23,星期日,-9℃,-16℃,晴,西北风 3级
2018-12-24,星期一,-6℃,-14℃,晴,西南风 2级
2018-12-25,星期二,-12℃,-22℃,阴,东南风 5级
2018-12-26,星期三,-16℃,-21℃,晴,西南风 3级
2018-12-27,星期四,-12℃,-19℃,多云,西南风 4级
2018-12-28,星期五,-10℃,-18℃,晴,西北风 3级
2018-12-29,星期六,-8℃,-19℃,晴,西北风 4级
2018-12-30,星期日,-10℃,-19℃,晴,西北风 1级
2018-12-31,星期一,-10℃,-18℃,晴,西北风 2级
2019-01-01,星期二,-6℃,-17℃,晴,西南风 4级
2019-01-02,星期三,-6℃,-17℃,晴,西南风 1级
2019-01-03,星期四,-6℃,-16℃,多云,西南风 2级
2019-01-04,星期五,-8℃,-18℃,多云,西南风 4级
2019-01-05,星期六,-6℃,-18℃,晴,西南风 2级
2019-01-06,星期日,-8℃,-18℃,晴,西北风 1级
2019-01-07,星期一,-7℃,-18℃,多云,西北风 3级
2019-01-08,星期二,-6℃,-13℃,多云,西南风 3级
2019-01-09,星期三,0℃,-13℃,晴,西南风 3级
2019-01-10,星期四,0℃,-14℃,晴,西北风 1级
2019-01-11,星期五,0℃,-16℃,晴,西北风 2级
2019-01-12,星期六,-1℃,-15℃,多云,西北风 2级
2019-01-13,星期日,-3℃,-15℃,晴,西北风 1级
2019-01-14,星期一,-3℃,-17℃,阴,东北风 2级
2019-01-15,星期二,-10℃,-14℃,晴,西南风 2级
2019-01-16,星期三,-3℃,-18℃,多云,东北风 2级
2019-01-17,星期四,-7℃,-17℃,晴,西南风 1级
2019-01-18,星期五,-6℃,-15℃,多云,西北风 1级
2019-01-19,星期六,-3℃,-15℃,晴,西北风 4级
2019-01-20,星期日,-2℃,-12℃,多云,西南风 3级
2019-01-21,星期一,1℃,-11℃,晴,西北风 1级
2019-01-22,星期二,2℃,-12℃,晴,西北风 3级
2019-01-23,星期三,-3℃,-14℃,晴,西北风 1级
2019-01-24,星期四,-3℃,-13℃,多云,东北风 2级
2019-01-25,星期五,0℃,-12℃,晴,西南风 2级
2019-01-26,星期六,3℃,-10℃,晴,西南风 1级
2019-01-27,星期日,0℃,-12℃,多云,西北风 4级
2019-01-28,星期一,-1℃,-11℃,晴,西南风 1级
2019-01-29,星期二,3℃,-15℃,阴,西南风 3级
2019-01-30,星期三,-10℃,-16℃,多云,西南风 3级
2019-01-31,星期四,-5℃,-15℃,晴,西南风 2级
2019-02-01,星期五,-2℃,-12℃,晴,东北风 2级
2019-02-02,星期六,-5℃,-14℃,阴,西北风 2级
2019-02-03,星期日,-8℃,-20℃,多云,西北风 3级
2019-02-04,星期一,-13℃,-21℃,阴,西南风 4级
2019-02-05,星期二,-12℃,-23℃,多云,西北风 3级
2019-02-06,星期三,-15℃,-23℃,晴,西北风 4级
2019-02-07,星期四,-14℃,-21℃,晴,西北风 5级
2019-02-08,星期五,-9℃,-18℃,晴,西南风 2级
2019-02-09,星期六,-6℃,-17℃,晴,西南风 3级
2019-02-10,星期日,-6℃,-19℃,晴,西北风 1级
2019-02-11,星期一,-9℃,-19℃,多云,西北风 3级
2019-02-12,星期二,-7℃,-17℃,晴,西北风 3级
2019-02-13,星期三,-4℃,-17℃,晴,西南风 2级
2019-02-14,星期四,-4℃,-14℃,多云,东南风 1级
2019-02-15,星期五,-2℃,-13℃,阴,西南风 3级
2019-02-16,星期六,1℃,-10℃,晴,西南风 3级
2019-02-17,星期日,5℃,-8℃,晴,西南风 3级
2019-02-18,星期一,5℃,-7℃,晴,西北风 2级
2019-02-19,星期二,3℃,-5℃,阴,东北风 1级
2019-02-20,星期三,6℃,-6℃,多云,西南风 2级
2019-02-21,星期四,7℃,-5℃,晴,西北风 2级
2019-02-22,星期五,9℃,-6℃,晴,西北风 1级
2019-02-23,星期六,12℃,-5℃,晴,西南风 4级
2019-02-24,星期日,5℃,-7℃,晴,西北风 4级
2019-02-25,星期一,5℃,-8℃,晴,西北风 4级
2019-02-26,星期二,5℃,-6℃,晴,西南风 2级
2019-02-27,星期三,8℃,-5℃,阴,西南风 2级
2019-02-28,星期四,8℃,-4℃,晴,西南风 2级
2019-03-01,星期五,11℃,-4℃,晴,西南风 2级
2019-03-02,星期六,13℃,-4℃,多云,西南风 2级
2019-03-03,星期日,9℃,-2℃,多云,东北风 1级
2019-03-04,星期一,11℃,-2℃,晴,西南风 2级
2019-03-05,星期二,6℃,-6℃,阴,东北风 2级
2019-03-06,星期三,6℃,-6℃,晴,西北风 3级
2019-03-07,星期四,11℃,-2℃,晴,西南风 1级
2019-03-08,星期五,16℃,-2℃,多云,西南风 2级
2019-03-09,星期六,6℃,-5℃,晴,东南风 2级
2019-03-10,星期日,7℃,-6℃,晴,西北风 2级
2019-03-11,星期一,6℃,-9℃,阴,西北风 5级
2019-03-12,星期二,0℃,-8℃,晴,西北风 3级
2019-03-13,星期三,5℃,-5℃,晴,东北风 1级
2019-03-14,星期四,4℃,-6℃,晴,东北风 2级
2019-03-15,星期五,5℃,-5℃,晴,东南风 1级
2019-03-16,星期六,6℃,-4℃,阴,西北风 1级
2019-03-17,星期日,14℃,1℃,晴,西南风 5级
2019-03-18,星期一,18℃,3℃,晴,南风 微风
2019-03-19,星期二,15℃,-2℃,阴,东北风 3级
2019-03-20,星期三,1℃,-5℃,阴,东北风 4级
2019-03-21,星期四,4℃,-6℃,阴,东南风 2级
2019-03-22,星期五,4℃,-6℃,晴,东北风 2级
2019-03-23,星期六,6℃,-3℃,晴,西南风 2级
2019-03-24,星期日,11℃,-2℃,阴,西北风 3级
2019-03-25,星期一,6℃,-7℃,晴,西北风 4级
2019-03-26,星期二,4℃,-6℃,多云,东南风 2级
2019-03-27,星期三,4℃,-6℃,多云,西北风 3级
2019-03-28,星期四,4℃,-5℃,晴,东南风 3级
2019-03-29,星期五,4℃,-5℃,阴,东北风 3级
2019-03-30,星期六,4℃,-5℃,阴,西南风 1级
2019-03-31,星期日,6℃,-5℃,晴,东北风 1级
2019-04-01,星期一,8℃,-5℃,多云,东南风 2级
2019-04-02,星期二,9℃,0℃,晴,西北风 1级
2019-04-03,星期三,17℃,3℃,晴,西北风 2级
2019-04-04,星期四,11℃,0℃,阴,西北风 5级
2019-04-05,星期五,10℃,-1℃,晴,西北风 3级
2019-04-06,星期六,9℃,-1℃,晴,西北风 3级
2019-04-07,星期日,8℃,0℃,晴,西北风 2级
2019-04-08,星期一,11℃,-1℃,晴,东北风 2级
2019-04-09,星期二,12℃,-1℃,多云,东南风 2级
2019-04-10,星期三,15℃,0℃,多云,东北风 1级
2019-04-11,星期四,15℃,4℃,晴,西南风 1级
2019-04-12,星期五,21℃,2℃,多云,西北风 4级
2019-04-13,星期六,12℃,1℃,晴,西南风 3级
2019-04-14,星期日,13℃,4℃,晴,西南风 4级
2019-04-15,星期一,24℃,9℃,晴,西南风 4级
2019-04-16,星期二,26℃,7℃,晴,西南风 微风
2019-04-17,星期三,9℃,1℃,阴,西北风 3级
2019-04-18,星期四,14℃,-1℃,晴,西北风 1级
2019-04-19,星期五,15℃,7℃,晴,东南风 3级
2019-04-20,星期六,15℃,3℃,多云,西北风 3级
2019-04-21,星期日,18℃,4℃,晴,西南风 3级
2019-04-22,星期一,21℃,8℃,晴,西北风 1级
2019-04-23,星期二,18℃,4℃,阴,西北风 3级
2019-04-24,星期三,14℃,2℃,晴,东北风 2级
2019-04-25,星期四,14℃,2℃,晴,东北风 3级
2019-04-26,星期五,17℃,4℃,晴,东南风 3级
2019-04-27,星期六,23℃,9℃,多云,西南风 4级
2019-04-28,星期日,22℃,7℃,阴,西南风 2级
2019-04-29,星期一,21℃,6℃,晴,东南风 3级
2019-04-30,星期二,22℃,5℃,阴,西北风 3级
2019-05-01,星期三,21℃,8℃,晴,东南风 2级
2019-05-02,星期四,23℃,11℃,晴,东南风 3级
2019-05-03,星期五,26℃,12℃,多云,东北风 1级
2019-05-04,星期六,16℃,6℃,阴,西北风 3级
2019-05-05,星期日,13℃,4℃,阴,西北风 3级
2019-05-06,星期一,21℃,7℃,晴,西北风 2级
2019-05-07,星期二,26℃,11℃,晴,西北风 3级
2019-05-08,星期三,22℃,10℃,阴,西北风 3级
2019-05-09,星期四,25℃,12℃,晴,东南风 3级
2019-05-10,星期五,31℃,14℃,多云,东南风 1级
2019-05-11,星期六,29℃,14℃,阴,东南风 2级
2019-05-12,星期日,27℃,11℃,多云,西南风 3级
2019-05-13,星期一,15℃,6℃,阴,西南风 3级
2019-05-14,星期二,20℃,9℃,晴,西南风 1级
2019-05-15,星期三,27℃,12℃,阴,西南风 2级
2019-05-16,星期四,23℃,10℃,晴,西北风 3级
2019-05-17,星期五,26℃,12℃,阴,西北风 3级
2019-05-18,星期六,23℃,8℃,阴,西南风 2级
2019-05-19,星期日,8℃,7℃,阴,西北风 5级
2019-05-20,星期一,13℃,9℃,阴,西北风 4级
2019-05-21,星期二,18℃,8℃,多云,东南风 1级
2019-05-22,星期三,26℃,9℃,晴,东南风 3级
2019-05-23,星期四,27℃,15℃,晴,东南风 2级
2019-05-24,星期五,38℃,21℃,晴,西南风 1级
2019-05-25,星期六,25℃,12℃,阴,东北风 4级
2019-05-26,星期日,13℃,10℃,阴,西南风 1级
2019-05-27,星期一,21℃,9℃,晴,西南风 2级
2019-05-28,星期二,21℃,10℃,多云,西北风 3级
2019-05-29,星期三,28℃,12℃,多云,西北风 1级
2019-05-30,星期四,19℃,11℃,阴,西北风 1级
2019-05-31,星期五,21℃,11℃,晴,西北风 2级
2019-06-01,星期六,26℃,14℃,阴,西南风 4级
2019-06-02,星期日,23℃,12℃,多云,东北风 3级
2019-06-03,星期一,23℃,13℃,阴,西南风 1级
2019-06-04,星期二,26℃,13℃,晴,东南风 2级
2019-06-05,星期三,25℃,12℃,多云,西南风 2级
2019-06-06,星期四,26℃,15℃,阴,东北风 2级
2019-06-07,星期五,24℃,14℃,阴,东南风 1级
2019-06-08,星期六,23℃,16℃,阴,西北风 1级
2019-06-09,星期日,23℃,15℃,阴,西南风 1级
2019-06-10,星期一,24℃,15℃,阴,东南风 微风
2019-06-11,星期二,29℃,16℃,晴,东南风 1级
2019-06-12,星期三,31℃,18℃,雷阵雨,东北风 1级
2019-06-13,星期四,27℃,15℃,阴,西北风 4级
2019-06-14,星期五,22℃,13℃,多云,东北风 4级
2019-06-15,星期六,21℃,12℃,晴,东北风 2级
2019-06-16,星期日,23℃,13℃,晴,东南风 2级
2019-06-17,星期一,28℃,15℃,晴,西南风 3级
2019-06-18,星期二,26℃,18℃,晴,西南风 2级
2019-06-19,星期三,33℃,17℃,晴,东北风 2级
2019-06-20,星期四,26℃,16℃,多云,东南风 2级
2019-06-21,星期五,27℃,18℃,晴,东南风 2级
2019-06-22,星期六,28℃,19℃,多云,东南风 2级
2019-06-23,星期日,32℃,22℃,阴,西南风 2级
2019-06-24,星期一,37℃,23℃,多云,西南风 2级
2019-06-25,星期二,28℃,22℃,小雨,东北风 2级
2019-06-26,星期三,30℃,21℃,阵雨,东南风 微风
2019-06-27,星期四,29℃,15℃,多云,东北风 4级
2019-06-28,星期五,15℃,13℃,中雨,东北风 1级
2019-06-29,星期六,18℃,14℃,阴,西北风 3级
2019-06-30,星期日,23℃,16℃,小雨,西南风 1级
2019-07-01,星期一,29℃,18℃,多云,南风 微风
2019-07-02,星期二,27℃,17℃,小雨,东北风 2级
2019-07-03,星期三,30℃,18℃,多云,东南风 1级
2019-07-04,星期四,32℃,21℃,多云,东北风 4级
2019-07-05,星期五,20℃,15℃,小雨,东北风 3级
2019-07-06,星期六,17℃,15℃,中雨,西南风 1级
2019-07-07,星期日,28℃,18℃,晴,东南风 2级
2019-07-08,星期一,30℃,19℃,晴,西南风 1级
2019-07-09,星期二,30℃,21℃,阴,东南风 3级
2019-07-10,星期三,30℃,20℃,阴,西北风 微风
2019-07-11,星期四,26℃,20℃,阴,东南风 2级
2019-07-12,星期五,27℃,19℃,阴,东南风 1级
2019-07-13,星期六,26℃,19℃,阴,西南风 1级
2019-07-14,星期日,28℃,19℃,阴,东南风 2级
2019-07-15,星期一,29℃,21℃,多云,西南风 2级
2019-07-16,星期二,31℃,21℃,小雨,东北风 微风
2019-07-17,星期三,29℃,20℃,阴,西南风 1级
2019-07-18,星期四,33℃,22℃,晴,东南风 2级
2019-07-19,星期五,31℃,22℃,阴,西南风 2级
2019-07-20,星期六,28℃,21℃,阴,东南风 2级
2019-07-21,星期日,32℃,20℃,阴,西南风 2级
2019-07-22,星期一,33℃,21℃,晴,西北风 1级
2019-07-23,星期二,25℃,20℃,中雨,西南风 1级
2019-07-24,星期三,29℃,19℃,阴,东北风 3级
2019-07-25,星期四,25℃,19℃,小雨,东南风 2级
2019-07-26,星期五,27℃,20℃,阴,东南风 1级
2019-07-27,星期六,26℃,22℃,阴,东北风 2级
2019-07-28,星期日,32℃,21℃,阴,西南风 3级
2019-07-29,星期一,30℃,21℃,多云,西南风 1级
2019-07-30,星期二,30℃,19℃,阴,西南风 1级
2019-07-31,星期三,29℃,18℃,多云,西南风 3级
2019-08-01,星期四,29℃,19℃,晴,西南风 2级
2019-08-02,星期五,32℃,21℃,晴,东南风 2级
2019-08-03,星期六,31℃,21℃,阴,西南风 2级
2019-08-04,星期日,35℃,22℃,晴,西南风 1级
2019-08-05,星期一,30℃,21℃,阴,东南风 2级
2019-08-06,星期二,18℃,16℃,小雨,东北风 3级
2019-08-07,星期三,24℃,17℃,小雨,西北风 4级
2019-08-08,星期四,20℃,16℃,中雨,东北风 2级
2019-08-09,星期五,22℃,15℃,阴,东北风 1级
2019-08-10,星期六,18℃,17℃,阴,东南风 1级
2019-08-11,星期日,22℃,17℃,阴,东北风 1级
2019-08-12,星期一,24℃,16℃,多云,东北风 1级
2019-08-13,星期二,26℃,17℃,多云,东南风 1级
2019-08-14,星期三,26℃,17℃,阴,东北风 1级
2019-08-15,星期四,28℃,17℃,多云,东北风 2级
2019-08-16,星期五,26℃,18℃,阴,西北风 1级
2019-08-17,星期六,24℃,16℃,阴,西北风 1级
2019-08-18,星期日,25℃,15℃,中雨,西南风 1级
2019-08-19,星期一,25℃,17℃,多云,东南风 2级
2019-08-20,星期二,22℃,16℃,中雨,西南风 3级
2019-08-21,星期三,22℃,16℃,阴,西南风 4级
2019-08-22,星期四,22℃,16℃,中雨,西北风 2级
2019-08-23,星期五,23℃,15℃,多云,西北风 1级
2019-08-24,星期六,26℃,16℃,多云,西南风 2级
2019-08-25,星期日,24℃,17℃,阴,东南风 3级
2019-08-26,星期一,19℃,14℃,中雨,西南风 1级
2019-08-27,星期二,24℃,14℃,中雨,西南风 2级
2019-08-28,星期三,21℃,15℃,阴,西北风 2级
2019-08-29,星期四,21℃,14℃,小雨,西北风 3级
2019-08-30,星期五,25℃,14℃,晴,西南风 1级
2019-08-31,星期六,27℃,15℃,多云,西北风 1级
2019-09-01,星期日,29℃,15℃,晴,东北风 2级
2019-09-02,星期一,25℃,14℃,多云,东南风 1级
2019-09-03,星期二,28℃,17℃,晴,西南风 2级
2019-09-04,星期三,30℃,18℃,多云,西南风 2级
2019-09-05,星期四,30℃,17℃,晴,东南风 1级
2019-09-06,星期五,29℃,18℃,晴,东南风 2级
2019-09-07,星期六,26℃,18℃,多云,东北风 2级
2019-09-08,星期日,26℃,13℃,晴,西南风 3级
2019-09-09,星期一,22℃,10℃,晴,西北风 2级
2019-09-10,星期二,22℃,10℃,晴,西北风 2级
2019-09-11,星期三,25℃,12℃,晴,东南风 3级
2019-09-12,星期四,24℃,15℃,阴,东南风 2级
2019-09-13,星期五,21℃,10℃,阴,西北风 2级
2019-09-14,星期六,24℃,12℃,晴,西南风 3级
2019-09-15,星期日,27℃,6℃,晴,西北风 2级
2019-09-16,星期一,20℃,9℃,晴,西南风 3级
2019-09-17,星期二,23℃,6℃,阴,西北风 4级
2019-09-18,星期三,19℃,4℃,晴,西北风 5级
2019-09-19,星期四,20℃,7℃,多云,东南风 2级
2019-09-20,星期五,23℃,8℃,多云,西南风 2级
2019-09-21,星期六,21℃,8℃,晴,东南风 2级
2019-09-22,星期日,26℃,9℃,晴,东北风 1级
2019-09-23,星期一,30℃,9℃,晴,东南风 2级
2019-09-24,星期二,25℃,11℃,晴,西南风 2级
2019-09-25,星期三,27℃,9℃,晴,东北风 2级
2019-09-26,星期四,27℃,11℃,晴,南风 微风
2019-09-27,星期五,30℃,12℃,晴,东南风 3级
2019-09-28,星期六,30℃,9℃,多云,西北风 3级
2019-09-29,星期日,19℃,8℃,晴,东北风 3级
2019-09-30,星期一,29℃,12℃,多云,西南风 4级
2019-10-01,星期二,30℃,14℃,晴,西南风 3级
2019-10-02,星期三,23℃,6℃,多云,东北风 4级
2019-10-03,星期四,8℃,2℃,小雨,东北风 4级
2019-10-04,星期五,13℃,1℃,晴,西北风 2级
2019-10-05,星期六,16℃,4℃,晴,西北风 2级
2019-10-06,星期日,21℃,5℃,晴,西南风 4级
2019-10-07,星期一,16℃,2℃,多云,西南风 4级
2019-10-08,星期二,14℃,7℃,晴,西北风 4级
2019-10-09,星期三,24℃,6℃,晴,西南风 4级
2019-10-10,星期四,13℃,-2℃,晴,西北风 4级
2019-10-11,星期五,12℃,-3℃,晴,东南风 1级
2019-10-12,星期六,8℃,-4℃,晴,西南风 2级
2019-10-13,星期日,8℃,-3℃,晴,西南风 4级
2019-10-14,星期一,11℃,0℃,晴,西北风 3级
2019-10-15,星期二,16℃,1℃,晴,西北风 5级
2019-10-16,星期三,16℃,1℃,晴,西南风 2级
2019-10-17,星期四,18℃,2℃,晴,西南风 2级
2019-10-18,星期五,17℃,3℃,晴,东南风 3级
2019-10-19,星期六,18℃,6℃,晴,西南风 3级
2019-10-20,星期日,15℃,2℃,多云,西北风 5级
2019-10-21,星期一,17℃,1℃,晴,西南风 3级
2019-10-22,星期二,15℃,1℃,多云,东北风 3级
2019-10-23,星期三,13℃,2℃,多云,东北风 2级
2019-10-24,星期四,7℃,-2℃,雨夹雪,东北风 3级
2019-10-25,星期五,5℃,-4℃,多云,西南风 3级
2019-10-26,星期六,8℃,-2℃,晴,西南风 2级
2019-10-27,星期日,11℃,0℃,晴,西南风 1级
2019-10-28,星期一,5℃,0℃,雨夹雪,东南风 2级
2019-10-29,星期二,9℃,0℃,晴,西南风 2级
2019-10-30,星期三,16℃,2℃,晴,西北风 4级
2019-10-31,星期四,10℃,-2℃,晴,西南风 4级
2019-11-01,星期五,11℃,0℃,晴,西南风 3级
2019-11-02,星期六,7℃,-5℃,晴,东北风 4级
2019-11-03,星期日,7℃,-4℃,晴,西南风 2级
2019-11-04,星期一,13℃,-4℃,晴,西南风 3级
2019-11-05,星期二,5℃,-5℃,晴,西南风 4级
2019-11-06,星期三,4℃,-5℃,多云,东北风 2级
2019-11-07,星期四,6℃,-3℃,晴,西南风 3级
2019-11-08,星期五,7℃,-2℃,晴,西北风 3级
2019-11-09,星期六,8℃,-1℃,晴,西南风 2级
2019-11-10,星期日,10℃,-1℃,多云,西南风 3级
2019-11-11,星期一,7℃,-3℃,晴,西南风 4级
2019-11-12,星期二,0℃,-5℃,小雪,东北风 3级
2019-11-13,星期三,-4℃,-13℃,多云,西北风 4级
2019-11-14,星期四,-5℃,-12℃,晴,西南风 3级
2019-11-15,星期五,-2℃,-12℃,晴,西北风 4级
2019-11-16,星期六,-2℃,-10℃,晴,西北风 3级
2019-11-17,星期日,-4℃,-11℃,小雪,东北风 2级
2019-11-18,星期一,-7℃,-13℃,多云,西南风 6级
2019-11-19,星期二,-5℃,-13℃,晴,西南风 4级
2019-11-20,星期三,-3℃,-11℃,晴,东南风 2级
2019-11-21,星期四,2℃,-9℃,晴,东南风 2级
2019-11-22,星期五,6℃,-5℃,晴,西南风 3级
2019-11-23,星期六,-2℃,-13℃,晴,西北风 4级
2019-11-24,星期日,-7℃,-14℃,晴,西南风 4级
2019-11-25,星期一,-3℃,-12℃,晴,西南风 3级
2019-11-26,星期二,-1℃,-15℃,多云,西北风 4级
2019-11-27,星期三,-6℃,-14℃,晴,西南风 3级
2019-11-28,星期四,-4℃,-14℃,晴,西北风 3级
2019-11-29,星期五,-4℃,-11℃,晴,西南风 3级
2019-11-30,星期六,-3℃,-12℃,小雪,西南风 3级
2019-12-01,星期日,-4℃,-15℃,多云,西北风 3级
2019-12-02,星期一,-9℃,-17℃,晴,西南风 4级
2019-12-03,星期二,-11℃,-19℃,晴,西北风 4级
2019-12-04,星期三,-13℃,-18℃,晴,东北风 2级
2019-12-05,星期四,-10℃,-19℃,晴,西北风 3级
2019-12-06,星期五,-3℃,-14℃,晴,西北风 2级
2019-12-07,星期六,-4℃,-13℃,晴,西南风 2级
2019-12-08,星期日,-5℃,-14℃,晴,西南风 1级
2019-12-09,星期一,-4℃,-14℃,多云,东南风 2级
2019-12-10,星期二,-5℃,-13℃,多云,东南风 2级
2019-12-11,星期三,-5℃,-14℃,多云,西北风 4级
2019-12-12,星期四,-3℃,-13℃,晴,西南风 2级
2019-12-13,星期五,-2℃,-12℃,晴,西北风 3级
2019-12-14,星期六,0℃,-10℃,晴,西南风 4级
2019-12-15,星期日,3℃,-9℃,晴,西南风 1级
2019-12-16,星期一,0℃,-11℃,多云,东南风 微风
2019-12-17,星期二,-6℃,-17℃,晴,西南风 4级
2019-12-18,星期三,-8℃,-17℃,晴,西北风 2级
2019-12-19,星期四,-8℃,-18℃,晴,西北风 3级
2019-12-20,星期五,-6℃,-16℃,晴,西南风 3级
2019-12-21,星期六,-7℃,-17℃,晴,西南风 2级
2019-12-22,星期日,-8℃,-18℃,晴,西南风 2级
2019-12-23,星期一,-10℃,-19℃,晴,西南风 1级
2019-12-24,星期二,-9℃,-18℃,小雪,西南风 1级
2019-12-25,星期三,-12℃,-20℃,晴,东南风 2级
2019-12-26,星期四,-13℃,-20℃,晴,西南风 2级
2019-12-27,星期五,-10℃,-22℃,晴,东北风 1级
2019-12-28,星期六,-12℃,-21℃,大雪,东北风 2级
2019-12-29,星期日,-16℃,-21℃,中雪,西北风 3级
2019-12-30,星期一,-16℃,-22℃,局部多云,西北风 3级
2019-12-31,星期二,-12℃,-22℃,局部多云,西风 3级
2020-01-01,星期三,-10℃,-17℃,晴,西南风 1级
2020-01-01,星期三,-10℃,-17℃,晴,西南风 1级
2020-01-02,星期四,0℃,-17℃,晴, 
2020-01-02,星期四,-1℃,-14℃,局部多云,西北偏北风 2级
2020-01-03,星期五,0℃,-17℃,局部多云,西北偏西风 2级
2020-01-03,星期五,7℃,-10℃,局部多云,东北偏东风 2级
2020-01-04,星期六,0℃,-17℃,晴,西北偏西风 2级
2020-01-04,星期六,8℃,-6℃,局部多云,东风 3级
2020-01-05,星期日,0℃,-14℃,阴天,西南偏西风 2级
2020-01-05,星期日,1℃,-8℃,阴天,西北偏西风 3级
2020-01-08,星期三,-5℃,-20℃,局部多云,西北风 2级
2020-01-08,星期三,-9℃,-20℃,晴,西北风 5-6级
2020-01-09,星期四,0℃,-19℃,局部多云, 
2020-01-09,星期四,-6℃,-15℃,晴, 
2020-01-10,星期五,0℃,0℃,晴,西北偏西风 2级
2020-01-10,星期五,-6℃,-16℃,晴, 
2020-01-11,星期六,0℃,-23℃,晴,西北风 2级
2020-01-11,星期六,-6℃,-19℃,晴, 
2020-01-12,星期日,0℃,-23℃,晴,西北偏西风 2级
2020-01-12,星期日,-10℃,-17℃,晴, 
2020-01-13,星期一,-9℃,-24℃,晴,西北风 2级
2020-01-13,星期一,-9℃,-18℃,晴, 
2020-01-14,星期二,0℃,-23℃,晴, 
2020-01-14,星期二,-9℃,-17℃,晴, 
2020-01-15,星期三,0℃,-23℃,晴,西北偏西风 2级
2020-01-15,星期三,-10℃,-17℃,晴, 
2020-01-16,星期四,-6℃,-22℃,晴,西北偏西风 2级
2020-01-16,星期四,-9℃,-15℃,晴, 
2020-01-17,星期五,0℃,-19℃,局部多云,西南偏西风 2级
2020-01-17,星期五,-7℃,-14℃,晴, 
2020-01-18,星期六,-3℃,-11℃,多云,东南风 1级
2020-01-18,星期六,-10℃,-16℃,多云, 
2020-01-19,星期日,-4℃,-13℃,晴,西南风 2级
2020-01-19,星期日,-11℃,-15℃,多云, 
2020-01-20,星期一,0℃,-21℃,少云,西北偏西风 2级
2020-01-20,星期一,-9℃,-16℃,阴, 
2020-01-21,星期二,0℃,0℃,局部多云,西南偏西风 2级
2020-01-21,星期二,-5℃,-15℃,多云, 
2020-01-22,星期三,0℃,-20℃,少云,西风 3级
2020-01-22,星期三,-6℃,-14℃,多云, 
2020-01-23,星期四,0℃,-21℃,少云,西北偏西风 3级
2020-01-23,星期四,-4℃,-17℃,晴, 
2020-01-24,星期五,0℃,-21℃,少云,西北偏西风 3级
2020-01-24,星期五,-9℃,-16℃,晴, 
2020-01-25,星期六,0℃,-21℃,少云,西北偏西风 3级
2020-01-25,星期六,-10℃,-15℃,晴, 
2020-01-26,星期日,0℃,-21℃,少云,西北偏西风 3级
2020-01-26,星期日,-3℃,-14℃,晴, 
2020-01-27,星期一,0℃,-21℃,少云,西北偏西风 3级
2020-01-27,星期一,-2℃,-14℃,晴, 
2020-01-28,星期二,0℃,-21℃,少云,西北偏西风 3级
2020-01-28,星期二,-7℃,-14℃,阴, 
2020-01-29,星期三,0℃,-21℃,少云,西北偏西风 3级
2020-01-29,星期三,-6℃,-15℃,晴, 
2020-01-30,星期四,0℃,-21℃,少云,西北偏西风 3级
2020-01-30,星期四,-6℃,-16℃,晴, 
2020-01-31,星期五,0℃,-21℃,少云,西北偏西风 3级
2020-01-31,星期五,-7℃,-16℃,多云, 
2020-02-01,星期六,0℃,-21℃,少云,西北偏西风 3级
2020-02-01,星期六,-3℃,-18℃,晴, 
2020-02-02,星期日,0℃,-21℃,少云,西北偏西风 3级
2020-02-02,星期日,-6℃,-19℃,多云, 
2020-02-03,星期一,0℃,-21℃,少云,西北偏西风 3级
2020-02-03,星期一,-9℃,-21℃,晴, 
2020-02-04,星期二,0℃,-21℃,少云,西北偏西风 3级
2020-02-04,星期二,-14℃,-22℃,晴, 
2020-02-05,星期三,0℃,-21℃,少云,西北偏西风 3级
2020-02-05,星期三,-12℃,-20℃,晴, 
2020-02-06,星期四,0℃,-21℃,少云,西北偏西风 3级
2020-02-06,星期四,-9℃,-17℃,多云, 
2020-02-07,星期五,0℃,-21℃,少云,西北偏西风 3级
2020-02-07,星期五,-8℃,-16℃,多云, 
2020-02-08,星期六,0℃,-21℃,少云,西北偏西风 3级
2020-02-08,星期六,-7℃,-12℃,晴, 
2020-02-09,星期日,0℃,-21℃,少云,西北偏西风 3级
2020-02-09,星期日,0℃,-12℃,多云, 
2020-02-10,星期一,0℃,-21℃,少云,西北偏西风 3级
2020-02-10,星期一,-6℃,-10℃,晴, 
2020-02-11,星期二,0℃,-21℃,少云,西北偏西风 3级
2020-02-11,星期二,3℃,-6℃,阴, 
2020-02-12,星期三,0℃,-21℃,少云,西北偏西风 3级
2020-02-12,星期三,5℃,-6℃,晴, 
2020-02-13,星期四,-5℃,-15℃,阴, 
2020-02-14,星期五,-8℃,-17℃,阴, 
2020-02-15,星期六,-5℃,-15℃,晴, 
2020-02-16,星期日,-7℃,-15℃,多云, 
2020-02-17,星期一,-3℃,-11℃,晴, 
2020-02-18,星期二,2℃,-11℃,晴, 
2020-02-19,星期三,0℃,-13℃,晴, 
2020-02-20,星期四,0℃,-9℃,晴, 
2020-02-21,星期五,0℃,-11℃,多云, 
2020-02-22,星期六,0℃,-11℃,多云, 
2020-02-23,星期日,4℃,-7℃,阴, 
2020-02-24,星期一,4℃,-9℃,晴, 
2020-02-25,星期二,4℃,-9℃,晴, 
2020-02-26,星期三,3℃,-12℃,晴, 
2020-02-27,星期四,3℃,-6℃,阴, 
2020-02-28,星期五,3℃,-9℃,多云, 
2020-02-29,星期六,0℃,-8℃,多云, 
2020-03-01,星期日,0℃,-11℃,阴, 
2020-03-02,星期一,1℃,-9℃,多云, 
2020-03-03,星期二,-3℃,-11℃,中雪, 
2020-03-04,星期三,0℃,-11℃,晴, 
2020-03-05,星期四,3℃,-10℃,晴, 
2020-03-06,星期五,0℃,-8℃,多云, 
2020-03-07,星期六,5℃,-4℃,晴, 
2020-03-08,星期日,4℃,-8℃,阴, 
2020-03-09,星期一,3℃,-7℃,晴, 
2020-03-10,星期二,2℃,-9℃,阴, 
2020-03-11,星期三,4℃,-5℃,多云, 
2020-03-12,星期四,0℃,-12℃,晴, 
2020-03-13,星期五,4℃,-6℃,晴, 
2020-03-14,星期六,6℃,-9℃,多云, 
2020-03-15,星期日,-1℃,-10℃,阴, 
2020-03-16,星期一,6℃,-4℃,阴, 
2020-03-17,星期二,12℃,2℃,晴, 
2020-03-18,星期三,10℃,-2℃,多云, 
2020-03-19,星期四,8℃,-2℃,阴, 
2020-03-20,星期五,13℃,-1℃,多云, 
2020-03-21,星期六,9℃,-3℃,晴, 
2020-03-22,星期日,9℃,-2℃,阴, 
2020-03-23,星期一,10℃,-1℃,晴, 
2020-03-24,星期二,15℃,3℃,晴, 
2020-03-25,星期三,21℃,-1℃,多云, 
2020-03-26,星期四,5℃,-5℃,阴, 
2020-03-27,星期五,3℃,-5℃,晴, 
2020-03-28,星期六,9℃,-3℃,晴, 
2020-03-31,星期二,11℃,-2℃,阴, 
2020-04-01,星期三,17℃,-1℃,晴, 
2020-04-02,星期四,17℃,1℃,晴, 
2020-04-03,星期五,13℃,-4℃,晴, 
2020-04-04,星期六,9℃,-3℃,晴, 
2020-04-05,星期日,15℃,1℃,晴, 
2020-04-06,星期一,11℃,-2℃,多云, 
2020-04-07,星期二,9℃,-1℃,晴, 
2020-04-08,星期三,9℃,0℃,阴, 
2020-04-09,星期四,14℃,-1℃,阴, 
2020-04-10,星期五,17℃,3℃,晴, 
2020-04-11,星期六,17℃,3℃,晴, 
2020-04-12,星期日,22℃,5℃,晴, 
2020-04-13,星期一,26℃,7℃,晴, 
2020-04-14,星期二,16℃,4℃,多云, 
2020-04-15,星期三,17℃,4℃,阴, 
2020-04-16,星期四,12℃,7℃,阴, 
2020-04-17,星期五,18℃,5℃,阴, 
2020-04-18,星期六,23℃,10℃,晴, 
2020-04-19,星期日,20℃,1℃,阴, 
2020-04-20,星期一,1℃,-3℃,雨夹雪, 
2020-04-21,星期二,0℃,-2℃,雨夹雪, 
2020-04-22,星期三,4℃,-1℃,阴, 
2020-04-23,星期四,8℃,2℃,晴, 
2020-04-24,星期五,10℃,2℃,阴, 
2020-04-25,星期六,13℃,2℃,多云, 
2020-04-26,星期日,13℃,4℃,多云, 
2020-04-27,星期一,21℃,9℃,多云, 
2020-04-28,星期二,19℃,7℃,阴, 
2020-04-29,星期三,21℃,8℃,多云, 
2020-04-30,星期四,25℃,14℃,晴, 
2020-05-01,星期五,30℃,14℃,晴转多云,西风 4级
2020-05-02,星期六,21℃,10℃,小雨转阴,东北风 4级
2020-05-03,星期日,9℃,4℃,晴,东北风 4级
2020-05-04,星期一,20℃,1℃,晴转多云,西南风 3级
2020-05-05,星期二,19℃,5℃,晴,北风 3级
2020-05-06,星期三,23℃,5℃,晴转多云,南风 3级
2020-05-07,星期四,22℃,11℃,多云转阴,西南风 4级
2020-05-08,星期五,23℃,9℃,多云,西北风 3级
2020-05-09,星期六,22℃,10℃,晴转多云,西南风 2级
2020-05-10,星期日,20℃,10℃,晴转多云,西风 3级
2020-05-11,星期一,19℃,9℃,多云,西北风 4级
2020-05-12,星期二,17℃,6℃,多云,西北风 4级
2020-05-13,星期三,24℃,5℃,晴转多云,南风 3级
2020-05-14,星期四,29℃,13℃,晴转多云,西北风 3级
2020-05-15,星期五,25℃,10℃,晴,东南风 4级
2020-05-18,星期一,19℃,10℃,晴,东北风 4级
2020-05-19,星期二,19℃,8℃,晴,东北风 3级
2020-05-20,星期三,18℃,8℃,多云,东南风 3级
2020-05-21,星期四,22℃,11℃,阴,东南风 2级
2020-05-22,星期五,20℃,11℃,小雨到中雨,东风 3级
2020-05-23,星期六,20℃,12℃,晴转多云,东北风 3级
2020-05-24,星期日,20℃,10℃,晴转多云,西北风 4级
2020-05-25,星期一,19℃,10℃,晴转多云,西北风 4级
2020-05-26,星期二,24℃,9℃,晴转多云,西北风 3级
2020-05-27,星期三,25℃,11℃,晴,西风 2级
2020-05-28,星期四,30℃,13℃,晴转多云,南风 3级
2020-05-29,星期五,31℃,15℃,晴,南风 5级
2020-05-30,星期六,32℃,16℃,小雨转雨,西南风 4级
2020-05-31,星期日,19℃,12℃,阴转雨,西北风 3级
